user_id,registration_date,user_type,is_premium,country,device_type,last_active_date
user_00001,2025-09-09 14:04:43.481404,regular_user,False,Germany,Android,2025-09-30 07:04:53.481404
user_00002,2025-07-20 07:31:35.481404,regular_user,True,US,Web,2025-09-25 16:55:10.481404
user_00003,2025-07-11 22:23:08.481404,casual_user,False,US,Desktop,2025-10-01 20:51:29.481404
user_00004,2025-09-19 12:02:39.481404,casual_user,False,US,iOS,2025-09-17 02:05:15.481404
user_00005,2025-08-05 04:58:16.481404,regular_user,False,UK,iOS,2025-08-29 13:58:40.481404
user_00006,2025-08-02 06:44:44.481404,casual_user,False,US,iOS,2025-09-25 14:28:22.481404
user_00007,2025-07-31 04:13:30.481404,regular_user,False,US,Android,2025-09-25 17:40:54.481404
user_00008,2025-07-23 01:15:11.481404,regular_user,True,Canada,iOS,2025-09-20 04:35:26.481404
user_00009,2025-09-19 00:12:31.481404,power_user,False,,Android,2025-08-10 17:38:19.481404
user_00010,2025-07-19 10:56:14.481404,regular_user,True,Australia,iOS,2025-10-02 21:00:09.481404
user_00011,2025-09-13 04:55:49.481404,power_user,True,US,Web,2025-09-15 06:37:28.481404
user_00012,2025-09-19 09:59:14.481404,regular_user,False,US,Android,2025-09-24 00:30:17.481404
user_00013,2025-10-04 03:02:07.481404,regular_user,True,,Android,2025-09-30 00:03:39.481404
user_00014,2025-08-31 10:54:09.481404,churn_risk_user,False,Canada,Web,2025-10-06 22:18:26.481404
user_00015,2025-07-17 22:41:18.481404,power_user,True,US,iOS,2025-09-14 01:05:04.481404
user_00016,2025-09-04 20:03:13.481404,regular_user,True,France,iOS,2025-08-24 14:06:35.481404
user_00017,2025-08-19 11:15:19.481404,regular_user,False,US,Android,2025-09-07 08:23:49.481404
user_00018,2025-07-12 14:09:55.481404,power_user,False,Germany,iOS,2025-08-08 04:31:42.481404
user_00019,2025-07-12 09:32:20.481404,power_user,False,Germany,Android,2025-09-19 08:19:47.481404
user_00020,2025-07-18 14:25:55.481404,casual_user,True,US,iOS,2025-09-17 03:19:55.481404
user_00021,2025-07-30 17:34:11.481404,casual_user,False,US,iOS,2025-10-02 21:03:36.481404
user_00022,2025-08-01 02:14:44.481404,regular_user,True,Germany,Android,2025-09-22 11:55:40.481404
user_00023,2025-08-27 13:40:10.481404,casual_user,False,US,Android,2025-08-20 15:15:16.481404
user_00024,2025-09-05 22:54:42.481404,casual_user,False,Germany,Android,2025-08-21 17:15:08.481404
user_00025,2025-07-12 01:56:22.481404,regular_user,False,US,iOS,2025-09-22 17:18:43.481404
user_00026,2025-09-01 23:54:07.481404,power_user,True,US,Android,2025-09-25 02:38:12.481404
user_00027,2025-07-28 19:25:54.481404,churn_risk_user,False,UK,Android,2025-09-14 05:43:28.481404
user_00028,2025-09-17 00:33:10.481404,regular_user,True,US,iOS,2025-09-25 18:44:52.481404
user_00029,2025-09-10 14:26:48.481404,churn_risk_user,False,Canada,Web,2025-09-30 02:55:30.481404
user_00030,2025-09-15 14:18:43.481404,casual_user,False,Japan,Android,2025-08-24 17:59:37.481404
user_00031,2025-08-31 09:54:43.481404,casual_user,False,US,iOS,2025-10-04 11:29:22.481404
user_00032,2025-08-19 05:39:30.481404,regular_user,False,France,Web,2025-09-24 18:50:35.481404
user_00033,2025-07-30 21:46:12.481404,power_user,True,UK,iOS,2025-09-05 21:17:05.481404
user_00034,2025-08-22 02:50:21.481404,power_user,True,Brazil,iOS,2025-09-06 06:23:46.481404
user_00035,2025-09-04 17:11:41.481404,regular_user,False,US,Desktop,2025-08-17 04:47:20.481404
user_00036,2025-08-05 12:20:15.481404,churn_risk_user,False,UK,iOS,2025-08-30 06:11:19.481404
user_00037,2025-09-26 02:12:57.481404,regular_user,True,Canada,Android,2025-09-05 08:30:18.481404
user_00038,2025-10-01 21:43:22.481404,power_user,True,Brazil,iOS,2025-09-15 01:00:44.481404
user_00039,2025-07-10 03:14:58.481404,power_user,True,,iOS,2025-09-05 09:52:14.481404
user_00040,2025-09-21 04:15:20.481404,casual_user,False,US,Android,2025-08-15 04:34:49.481404
user_00041,2025-09-25 17:48:04.481404,regular_user,False,Canada,Android,2025-10-03 23:38:30.481404
user_00042,2025-07-25 00:08:22.481404,power_user,False,US,iOS,2025-09-15 06:03:33.481404
user_00043,2025-09-15 06:53:20.481404,power_user,True,Australia,iOS,2025-10-03 04:07:33.481404
user_00044,2025-08-19 12:52:09.481404,regular_user,True,Canada,iOS,2025-10-02 17:40:54.481404
user_00045,2025-08-11 12:56:51.481404,casual_user,False,Brazil,iOS,2025-10-06 22:54:52.481404
user_00046,2025-08-05 11:35:36.481404,regular_user,True,Brazil,Web,2025-10-05 22:17:10.481404
user_00047,2025-07-24 14:23:59.481404,regular_user,False,France,Android,2025-09-25 22:06:08.481404
user_00048,2025-07-30 09:49:25.481404,regular_user,True,US,Web,2025-09-13 12:05:19.481404
user_00049,2025-09-21 15:10:35.481404,churn_risk_user,False,US,iOS,2025-09-27 15:34:34.481404
user_00050,2025-08-11 04:25:42.481404,casual_user,False,Japan,Android,2025-09-08 23:50:50.481404
user_00051,2025-07-19 10:16:24.481404,casual_user,True,US,Web,2025-10-01 07:05:04.481404
user_00052,2025-07-18 12:13:11.481404,casual_user,True,US,Android,2025-10-07 11:27:56.481404
user_00053,2025-08-15 09:24:04.481404,power_user,True,UK,Android,2025-08-16 23:50:15.481404
user_00054,2025-07-18 21:28:18.481404,casual_user,False,Germany,iOS,2025-09-24 03:15:18.481404
user_00055,2025-08-13 08:35:20.481404,regular_user,False,Canada,Android,2025-09-02 21:03:19.481404
user_00056,2025-09-29 18:54:41.481404,casual_user,False,US,iOS,2025-09-14 04:23:15.481404
user_00057,2025-08-11 21:34:52.481404,regular_user,True,,iOS,2025-09-28 05:31:14.481404
user_00058,2025-09-06 02:53:24.481404,casual_user,False,France,Android,2025-09-20 00:47:54.481404
user_00059,2025-08-04 04:29:04.481404,regular_user,False,US,Android,2025-10-04 11:50:07.481404
user_00060,2025-09-25 20:51:05.481404,regular_user,True,Canada,iOS,2025-08-21 04:09:29.481404
user_00061,2025-07-13 17:21:11.481404,churn_risk_user,False,Brazil,iOS,2025-10-05 15:34:39.481404
user_00062,2025-09-18 08:30:16.481404,power_user,False,UK,Desktop,2025-08-17 21:44:47.481404
user_00063,2025-08-23 02:38:38.481404,churn_risk_user,False,US,iOS,2025-09-25 07:02:43.481404
user_00064,2025-08-30 13:36:30.481404,casual_user,False,US,Android,2025-09-15 08:40:07.481404
user_00065,2025-07-21 14:58:20.481404,churn_risk_user,False,Canada,iOS,2025-09-11 10:06:54.481404
user_00066,2025-10-07 01:12:37.481404,casual_user,False,US,Android,2025-08-31 01:08:31.481404
user_00067,2025-08-15 06:09:19.481404,casual_user,False,Australia,Android,2025-08-24 15:45:56.481404
user_00068,2025-07-17 03:43:26.481404,regular_user,True,France,Android,2025-10-07 02:56:49.481404
user_00069,2025-09-01 02:27:15.481404,casual_user,False,UK,Android,2025-10-03 11:27:40.481404
user_00070,2025-08-06 23:15:40.481404,casual_user,False,Germany,Android,2025-10-02 05:06:41.481404
user_00071,2025-09-28 00:45:33.481404,casual_user,False,US,iOS,2025-08-10 07:15:45.481404
user_00072,2025-09-08 12:56:35.481404,regular_user,True,UK,Android,2025-09-08 12:24:55.481404
user_00073,2025-09-07 13:21:42.481404,regular_user,False,US,iOS,2025-09-07 23:33:03.481404
user_00074,2025-10-03 11:21:30.481404,casual_user,False,US,Android,2025-08-22 06:10:36.481404
user_00075,2025-10-01 04:01:44.481404,casual_user,False,Canada,iOS,2025-09-29 02:47:55.481404
user_00076,2025-08-13 14:46:37.481404,power_user,True,UK,Android,2025-09-03 12:52:47.481404
user_00077,2025-09-03 13:26:03.481404,casual_user,False,UK,iOS,2025-10-07 10:38:06.481404
user_00078,2025-07-28 04:10:16.481404,casual_user,False,UK,iOS,2025-09-09 16:20:51.481404
user_00079,2025-09-15 21:52:39.481404,power_user,False,France,Android,2025-10-07 11:52:08.481404
user_00080,2025-07-16 06:10:53.481404,regular_user,True,US,iOS,2025-09-02 19:06:14.481404
user_00081,2025-07-13 22:53:05.481404,regular_user,False,Australia,iOS,2025-10-03 06:29:39.481404
user_00082,2025-09-11 16:57:41.481404,churn_risk_user,False,Canada,Android,2025-09-28 18:10:57.481404
user_00083,2025-07-31 15:08:52.481404,regular_user,True,US,Android,2025-10-03 12:30:18.481404
user_00084,2025-09-22 13:29:10.481404,power_user,True,US,iOS,2025-10-02 16:32:36.481404
user_00085,2025-08-06 14:25:45.481404,casual_user,False,UK,iOS,2025-08-27 00:59:39.481404
user_00086,2025-07-17 06:02:06.481404,regular_user,False,US,iOS,2025-10-06 15:50:18.481404
user_00087,2025-09-30 13:08:28.481404,regular_user,False,Canada,iOS,2025-10-03 11:07:17.481404
user_00088,2025-08-01 02:32:54.481404,regular_user,False,UK,Web,2025-09-22 11:37:12.481404
user_00089,2025-10-01 15:09:34.481404,casual_user,False,US,Android,2025-10-01 10:36:37.481404
user_00090,2025-07-19 07:27:24.481404,power_user,True,Brazil,Android,2025-09-12 02:41:06.481404
user_00091,2025-08-15 09:51:52.481404,regular_user,False,UK,Android,2025-09-08 09:48:07.481404
user_00092,2025-08-05 11:49:54.481404,churn_risk_user,False,,Web,2025-09-26 13:44:44.481404
user_00093,2025-08-22 12:37:44.481404,regular_user,True,US,iOS,2025-09-25 04:01:17.481404
user_00094,2025-09-09 05:21:30.481404,power_user,True,US,iOS,2025-10-05 22:08:12.481404
user_00095,2025-09-28 11:43:28.481404,casual_user,True,France,iOS,2025-10-06 11:03:28.481404
user_00096,2025-08-13 22:13:37.481404,power_user,True,Canada,Web,2025-09-25 17:17:40.481404
user_00097,2025-07-25 07:07:04.481404,casual_user,False,US,iOS,2025-08-30 17:15:41.481404
user_00098,2025-08-14 10:41:26.481404,casual_user,False,,iOS,2025-09-15 21:13:42.481404
user_00099,2025-08-12 23:56:49.481404,regular_user,False,US,Web,2025-09-29 20:31:47.481404
user_00100,2025-07-29 20:17:35.481404,casual_user,False,Germany,Android,2025-09-27 07:27:56.481404
user_00101,2025-09-12 13:43:39.481404,power_user,False,UK,Android,2025-09-27 08:32:40.481404
user_00102,2025-08-04 10:12:35.481404,regular_user,False,US,iOS,2025-10-07 05:54:23.481404
user_00103,2025-09-15 15:27:58.481404,churn_risk_user,False,US,Desktop,2025-09-17 11:46:41.481404
user_00104,2025-09-13 20:53:16.481404,churn_risk_user,False,Canada,iOS,2025-09-27 23:25:59.481404
user_00105,2025-09-10 10:08:17.481404,regular_user,True,Australia,Android,2025-09-13 07:02:45.481404
user_00106,2025-07-16 10:29:10.481404,casual_user,False,US,Android,2025-10-04 15:01:53.481404
user_00107,2025-09-06 15:29:04.481404,power_user,True,UK,Web,2025-09-03 15:27:14.481404
user_00108,2025-09-09 03:42:46.481404,regular_user,True,US,Android,2025-08-11 13:35:45.481404
user_00109,2025-07-26 02:53:18.481404,casual_user,False,US,Android,2025-09-28 18:31:16.481404
user_00110,2025-08-30 08:44:33.481404,power_user,False,Germany,iOS,2025-09-23 04:01:46.481404
user_00111,2025-09-18 07:05:41.481404,power_user,False,US,iOS,2025-10-06 14:31:38.481404
user_00112,2025-08-02 06:33:25.481404,casual_user,False,,Android,2025-09-22 03:58:57.481404
user_00113,2025-07-25 08:51:42.481404,regular_user,True,Germany,Android,2025-09-07 01:27:29.481404
user_00114,2025-08-23 09:15:02.481404,regular_user,False,US,Android,2025-09-28 14:40:18.481404
user_00115,2025-08-15 08:18:05.481404,power_user,True,US,iOS,2025-09-20 23:29:26.481404
user_00116,2025-08-04 17:07:49.481404,power_user,True,Germany,Android,2025-08-26 06:27:53.481404
user_00117,2025-10-07 08:25:26.481404,churn_risk_user,False,US,Web,2025-09-19 21:38:56.481404
user_00118,2025-09-09 15:24:50.481404,regular_user,False,US,Desktop,2025-10-01 01:21:59.481404
user_00119,2025-09-14 07:38:23.481404,power_user,False,UK,Desktop,2025-07-20 11:18:19.481404
user_00120,2025-09-01 13:53:36.481404,power_user,True,,Android,2025-09-27 00:27:10.481404
user_00121,2025-07-30 19:50:48.481404,casual_user,False,UK,Android,2025-09-17 23:17:43.481404
user_00122,2025-09-13 23:22:23.481404,regular_user,False,US,iOS,2025-08-26 19:09:13.481404
user_00123,2025-08-09 23:44:23.481404,churn_risk_user,False,UK,Android,2025-09-19 15:13:41.481404
user_00124,2025-09-29 08:05:37.481404,regular_user,True,UK,iOS,2025-09-11 10:07:01.481404
user_00125,2025-09-22 02:24:24.481404,regular_user,True,,Desktop,2025-10-06 20:57:22.481404
user_00126,2025-09-22 20:19:02.481404,casual_user,False,US,Android,2025-10-01 21:12:07.481404
user_00127,2025-07-14 22:27:04.481404,casual_user,False,Brazil,Android,2025-08-26 09:47:00.481404
user_00128,2025-07-31 17:49:37.481404,churn_risk_user,False,Canada,iOS,2025-09-25 02:45:33.481404
user_00129,2025-09-27 07:02:42.481404,churn_risk_user,False,US,iOS,2025-09-23 21:58:53.481404
user_00130,2025-07-12 14:54:19.481404,regular_user,False,,iOS,2025-10-02 07:19:30.481404
user_00131,2025-09-25 15:59:56.481404,regular_user,True,,Android,2025-09-28 19:55:53.481404
user_00132,2025-08-09 03:09:54.481404,casual_user,False,UK,iOS,2025-09-11 21:00:19.481404
user_00133,2025-08-17 10:53:17.481404,power_user,False,France,Desktop,
user_00134,2025-08-04 11:59:16.481404,churn_risk_user,False,Germany,Web,2025-09-01 12:33:39.481404
user_00135,2025-07-15 22:20:13.481404,casual_user,False,UK,iOS,2025-10-03 06:08:58.481404
user_00136,2025-07-29 23:43:55.481404,churn_risk_user,False,US,Android,2025-10-05 07:54:50.481404
user_00137,2025-10-06 03:52:03.481404,casual_user,False,US,Android,2025-10-06 22:01:06.481404
user_00138,2025-09-02 13:43:54.481404,regular_user,False,UK,Web,2025-10-03 00:45:06.481404
user_00139,2025-10-02 14:11:27.481404,regular_user,False,Japan,iOS,2025-07-11 18:37:43.481404
user_00140,2025-09-17 04:58:04.481404,power_user,True,Germany,Android,2025-09-20 00:45:08.481404
user_00141,2025-08-09 01:21:32.481404,casual_user,False,US,iOS,2025-09-29 04:56:10.481404
user_00142,2025-07-30 03:33:43.481404,regular_user,False,US,iOS,2025-09-30 12:36:56.481404
user_00143,2025-09-11 03:23:21.481404,churn_risk_user,False,UK,Android,2025-09-13 20:23:36.481404
user_00144,2025-08-26 23:23:58.481404,regular_user,False,Japan,Web,2025-09-20 13:33:54.481404
user_00145,2025-08-16 21:59:43.481404,power_user,False,UK,iOS,2025-10-06 12:48:49.481404
user_00146,2025-10-03 09:34:03.481404,regular_user,False,UK,iOS,2025-10-05 09:58:44.481404
user_00147,2025-10-06 07:09:24.481404,casual_user,False,US,iOS,2025-09-07 19:38:27.481404
user_00148,2025-09-09 22:03:35.481404,power_user,True,US,Android,2025-10-06 05:29:41.481404
user_00149,2025-08-23 01:18:31.481404,regular_user,True,Japan,Android,2025-09-27 14:49:05.481404
user_00150,2025-07-23 09:01:16.481404,casual_user,False,US,iOS,2025-10-01 20:46:10.481404
user_00151,2025-08-04 05:19:18.481404,regular_user,True,US,iOS,2025-10-01 00:22:13.481404
user_00152,2025-07-23 01:28:07.481404,power_user,True,US,iOS,2025-10-04 06:45:08.481404
user_00153,2025-08-02 10:47:24.481404,regular_user,False,US,Android,2025-09-10 21:28:34.481404
user_00154,2025-09-19 20:03:23.481404,casual_user,True,Japan,Web,2025-10-04 05:19:16.481404
user_00155,2025-09-02 00:11:20.481404,power_user,True,France,Android,2025-09-30 09:23:29.481404
user_00156,2025-08-30 20:00:52.481404,regular_user,True,US,Android,2025-10-02 08:42:32.481404
user_00157,2025-08-04 00:20:19.481404,casual_user,False,UK,Android,2025-10-03 12:58:04.481404
user_00158,2025-09-20 00:46:29.481404,power_user,True,Germany,Web,2025-09-28 18:51:45.481404
user_00159,2025-09-04 06:17:25.481404,regular_user,False,US,iOS,2025-09-03 11:58:37.481404
user_00160,2025-08-20 02:25:46.481404,regular_user,True,US,iOS,2025-09-12 08:17:51.481404
user_00161,2025-10-04 16:11:07.481404,power_user,True,US,iOS,2025-10-01 16:35:35.481404
user_00162,2025-09-04 03:50:11.481404,power_user,False,Canada,Android,2025-08-21 09:01:37.481404
user_00163,2025-08-17 06:46:37.481404,casual_user,False,US,Android,2025-10-05 02:34:28.481404
user_00164,2025-08-13 15:37:09.481404,regular_user,False,UK,iOS,2025-10-06 01:36:00.481404
user_00165,2025-07-30 19:09:38.481404,regular_user,True,Canada,Android,2025-10-06 10:36:11.481404
user_00166,2025-07-22 22:26:33.481404,regular_user,False,Canada,iOS,2025-10-05 22:21:00.481404
user_00167,2025-08-27 23:23:19.481404,power_user,True,US,iOS,2025-10-03 11:14:43.481404
user_00168,2025-08-26 10:04:53.481404,regular_user,True,US,Web,2025-09-03 13:07:50.481404
user_00169,2025-07-18 07:56:26.481404,power_user,True,UK,Desktop,2025-09-21 01:35:44.481404
user_00170,2025-09-20 21:12:23.481404,power_user,True,,Web,2025-10-07 07:46:50.481404
user_00171,2025-07-14 01:53:43.481404,casual_user,False,US,Android,2025-09-08 02:51:58.481404
user_00172,2025-10-01 02:37:17.481404,churn_risk_user,False,Canada,iOS,2025-09-23 03:54:18.481404
user_00173,2025-07-20 03:36:26.481404,casual_user,False,US,iOS,2025-10-07 09:50:31.481404
user_00174,2025-07-24 08:15:08.481404,regular_user,True,US,Android,2025-09-08 02:08:36.481404
user_00175,2025-09-08 10:09:41.481404,regular_user,False,US,Android,2025-09-28 22:01:36.481404
user_00176,2025-07-25 00:53:29.481404,regular_user,True,US,iOS,2025-07-16 10:20:51.481404
user_00177,2025-09-24 09:47:06.481404,power_user,False,US,Android,2025-08-12 21:14:14.481404
user_00178,2025-09-13 13:44:33.481404,regular_user,False,Germany,Android,2025-09-23 10:40:25.481404
user_00179,2025-08-19 11:48:37.481404,regular_user,False,US,Web,2025-10-05 21:00:59.481404
user_00180,2025-09-05 09:50:24.481404,casual_user,False,US,Android,2025-08-15 05:54:18.481404
user_00181,2025-07-15 16:08:12.481404,churn_risk_user,False,US,Android,2025-10-06 19:01:38.481404
user_00182,2025-08-15 20:40:45.481404,regular_user,False,US,Android,2025-09-18 06:29:20.481404
user_00183,2025-08-15 13:20:37.481404,regular_user,True,US,Android,2025-09-18 08:05:13.481404
user_00184,2025-09-05 08:37:37.481404,casual_user,False,US,Web,2025-10-04 21:18:33.481404
user_00185,2025-08-23 22:44:30.481404,regular_user,False,UK,iOS,2025-10-04 05:53:50.481404
user_00186,2025-08-29 21:01:55.481404,regular_user,True,Germany,Android,2025-09-28 13:27:47.481404
user_00187,2025-08-02 21:56:37.481404,regular_user,False,US,Android,2025-09-22 01:19:02.481404
user_00188,2025-09-01 05:12:58.481404,churn_risk_user,False,US,Web,2025-09-26 01:39:45.481404
user_00189,2025-10-01 01:52:06.481404,casual_user,False,US,Android,2025-09-27 17:03:20.481404
user_00190,2025-07-10 14:51:32.481404,casual_user,False,Japan,Android,2025-09-23 15:08:41.481404
user_00191,2025-09-13 13:16:53.481404,regular_user,True,US,Android,2025-09-20 23:18:45.481404
user_00192,2025-09-17 11:30:35.481404,power_user,True,Germany,Web,2025-09-02 23:05:00.481404
user_00193,2025-07-20 15:01:52.481404,regular_user,False,US,Android,2025-09-24 16:58:21.481404
user_00194,2025-09-13 16:36:24.481404,power_user,True,France,iOS,2025-09-22 03:20:21.481404
user_00195,2025-10-03 09:48:46.481404,regular_user,False,Germany,Android,2025-09-29 18:19:08.481404
user_00196,2025-08-30 15:20:16.481404,casual_user,False,US,iOS,2025-10-01 04:39:52.481404
user_00197,2025-09-20 09:46:42.481404,regular_user,False,Canada,iOS,2025-09-24 04:02:27.481404
user_00198,2025-08-04 09:51:14.481404,regular_user,False,US,Android,2025-09-26 13:50:41.481404
user_00199,2025-09-22 03:04:16.481404,regular_user,False,US,Web,2025-10-06 21:39:11.481404
user_00200,2025-09-09 17:39:20.481404,churn_risk_user,False,Australia,Web,2025-09-16 15:05:05.481404
user_00201,2025-08-11 12:46:21.481404,casual_user,False,Canada,Android,2025-10-03 22:38:20.481404
user_00202,2025-07-20 08:02:30.481404,regular_user,False,Brazil,Web,2025-08-22 22:24:34.481404
user_00203,2025-08-07 00:00:40.481404,regular_user,True,,Android,2025-08-26 08:05:12.481404
user_00204,2025-08-20 17:10:58.481404,power_user,False,Japan,Android,2025-09-20 08:38:31.481404
user_00205,2025-07-24 20:38:26.481404,regular_user,True,US,iOS,2025-10-03 12:14:51.481404
user_00206,2025-08-22 13:21:33.481404,casual_user,True,US,iOS,2025-10-05 00:56:00.481404
user_00207,2025-07-09 19:40:06.481404,regular_user,False,US,iOS,2025-08-30 07:32:08.481404
user_00208,2025-09-17 14:42:10.481404,casual_user,False,US,Android,2025-09-25 08:51:51.481404
user_00209,2025-10-02 12:59:29.481404,power_user,True,UK,iOS,2025-09-18 18:43:29.481404
user_00210,2025-09-17 09:05:02.481404,churn_risk_user,False,Canada,Android,2025-09-25 10:52:52.481404
user_00211,2025-08-04 01:50:50.481404,power_user,True,US,Desktop,2025-09-14 23:43:32.481404
user_00212,2025-08-27 02:33:23.481404,power_user,True,US,Desktop,2025-09-26 20:07:52.481404
user_00213,2025-09-21 11:36:25.481404,regular_user,False,US,Android,2025-08-01 20:33:19.481404
user_00214,2025-07-26 20:23:43.481404,regular_user,False,US,iOS,2025-10-01 20:14:01.481404
user_00215,2025-08-27 19:05:25.481404,power_user,True,Canada,iOS,2025-09-19 09:11:41.481404
user_00216,2025-10-06 02:41:00.481404,casual_user,False,UK,iOS,2025-09-21 23:23:01.481404
user_00217,2025-07-19 20:03:41.481404,regular_user,False,US,iOS,2025-09-22 00:18:37.481404
user_00218,2025-10-02 00:33:42.481404,casual_user,False,US,iOS,2025-09-04 00:50:47.481404
user_00219,2025-09-08 05:09:41.481404,casual_user,False,US,iOS,2025-08-23 16:37:45.481404
user_00220,2025-08-07 11:31:59.481404,casual_user,False,US,iOS,2025-10-07 10:22:21.481404
user_00221,2025-09-29 05:20:17.481404,regular_user,False,US,iOS,2025-08-15 06:58:00.481404
user_00222,2025-09-09 12:57:59.481404,casual_user,False,Australia,iOS,2025-09-16 20:50:27.481404
user_00223,2025-08-27 19:02:47.481404,power_user,True,Germany,Web,2025-10-07 03:28:01.481404
user_00224,2025-09-06 15:06:35.481404,casual_user,False,Australia,iOS,2025-09-16 07:41:26.481404
user_00225,2025-07-28 19:36:10.481404,regular_user,False,US,iOS,2025-10-02 11:43:53.481404
user_00226,2025-07-24 08:14:51.481404,regular_user,True,US,Android,2025-09-01 15:37:24.481404
user_00227,2025-08-14 19:23:19.481404,regular_user,False,France,iOS,2025-10-02 23:19:09.481404
user_00228,2025-09-21 12:53:07.481404,regular_user,True,Canada,iOS,2025-09-27 06:40:24.481404
user_00229,2025-07-25 04:32:34.481404,casual_user,False,Canada,iOS,2025-09-28 13:24:54.481404
user_00230,2025-08-30 20:57:02.481404,regular_user,False,Germany,iOS,2025-10-03 11:17:10.481404
user_00231,2025-09-23 02:26:15.481404,casual_user,False,Japan,Android,2025-09-30 21:59:11.481404
user_00232,2025-10-07 01:32:00.481404,regular_user,True,US,Android,2025-09-29 09:08:42.481404
user_00233,2025-08-29 23:55:12.481404,casual_user,False,US,Android,2025-10-05 05:56:43.481404
user_00234,2025-10-06 16:21:04.481404,churn_risk_user,False,US,iOS,2025-08-18 01:50:54.481404
user_00235,2025-07-09 13:26:20.481404,power_user,False,US,Android,2025-09-25 10:16:04.481404
user_00236,2025-09-05 15:44:54.481404,regular_user,False,Australia,Android,2025-10-03 01:26:36.481404
user_00237,2025-08-09 23:26:41.481404,regular_user,True,US,Web,2025-09-29 09:01:17.481404
user_00238,2025-08-25 22:38:24.481404,casual_user,False,Canada,Android,2025-09-22 10:28:55.481404
user_00239,2025-07-11 09:29:25.481404,regular_user,False,UK,iOS,2025-10-04 08:24:58.481404
user_00240,2025-07-20 08:46:37.481404,regular_user,True,US,Android,2025-09-26 17:16:34.481404
user_00241,2025-08-13 17:54:46.481404,power_user,True,US,iOS,2025-09-29 13:06:18.481404
user_00242,2025-10-02 19:40:36.481404,regular_user,True,Germany,iOS,2025-08-31 07:33:02.481404
user_00243,2025-09-28 06:01:39.481404,regular_user,False,Australia,Web,2025-10-04 13:45:02.481404
user_00244,2025-09-25 20:01:40.481404,casual_user,False,US,iOS,2025-10-07 03:57:20.481404
user_00245,2025-08-08 08:39:58.481404,regular_user,True,UK,Android,2025-09-11 08:08:57.481404
user_00246,2025-08-01 18:04:14.481404,regular_user,False,US,iOS,2025-09-16 10:11:12.481404
user_00247,2025-07-15 03:04:54.481404,casual_user,False,Australia,iOS,2025-10-05 07:49:09.481404
user_00248,2025-08-01 21:22:40.481404,regular_user,False,France,Android,2025-09-30 08:25:43.481404
user_00249,2025-10-02 18:01:01.481404,regular_user,False,US,iOS,2025-10-02 21:39:51.481404
user_00250,2025-09-02 14:08:37.481404,churn_risk_user,False,,iOS,2025-10-05 12:42:31.481404
user_00251,2025-07-17 03:37:25.481404,regular_user,False,Japan,Android,2025-10-06 22:19:25.481404
user_00252,2025-07-17 19:41:36.481404,casual_user,False,Australia,Android,2025-09-28 01:34:31.481404
user_00253,2025-09-18 13:34:28.481404,regular_user,False,US,Desktop,2025-09-21 14:07:28.481404
user_00254,2025-08-25 16:32:46.481404,churn_risk_user,True,Germany,Web,2025-10-07 01:14:05.481404
user_00255,2025-09-26 17:34:42.481404,regular_user,False,Brazil,iOS,2025-09-24 12:48:53.481404
user_00256,2025-07-16 05:22:59.481404,casual_user,False,Brazil,Desktop,2025-09-28 17:01:27.481404
user_00257,2025-09-21 08:26:16.481404,churn_risk_user,False,Japan,Android,2025-08-27 18:23:37.481404
user_00258,2025-08-30 05:24:06.481404,regular_user,False,US,Android,2025-09-06 04:42:21.481404
user_00259,2025-09-21 20:37:47.481404,regular_user,True,US,Android,2025-10-01 04:23:59.481404
user_00260,2025-07-21 17:08:58.481404,regular_user,False,US,iOS,2025-10-03 09:55:31.481404
user_00261,2025-07-21 23:16:48.481404,regular_user,False,US,Android,2025-10-06 12:38:52.481404
user_00262,2025-09-11 13:26:14.481404,casual_user,False,US,iOS,2025-10-01 13:07:03.481404
user_00263,2025-08-24 15:35:40.481404,casual_user,True,Japan,Android,2025-09-26 06:08:46.481404
user_00264,2025-08-31 21:14:29.481404,churn_risk_user,False,,iOS,2025-09-23 18:37:16.481404
user_00265,2025-07-25 12:52:48.481404,casual_user,False,UK,Android,2025-09-26 17:49:30.481404
user_00266,2025-08-04 05:43:59.481404,casual_user,False,Germany,iOS,2025-10-05 13:29:48.481404
user_00267,2025-08-29 17:40:31.481404,regular_user,False,US,iOS,2025-09-25 15:47:20.481404
user_00268,2025-10-02 05:01:21.481404,regular_user,True,US,iOS,2025-09-13 01:11:41.481404
user_00269,2025-09-06 09:34:21.481404,power_user,True,,iOS,2025-10-05 11:50:17.481404
user_00270,2025-08-19 14:05:21.481404,regular_user,False,US,Web,2025-09-10 22:19:50.481404
user_00271,2025-07-30 01:37:55.481404,casual_user,True,UK,Web,2025-10-03 01:38:06.481404
user_00272,2025-08-30 20:45:26.481404,churn_risk_user,False,Canada,iOS,2025-09-28 07:43:47.481404
user_00273,2025-09-20 20:00:06.481404,churn_risk_user,False,Brazil,Android,2025-10-03 17:56:58.481404
user_00274,2025-09-18 08:58:08.481404,casual_user,False,US,iOS,2025-09-27 11:35:29.481404
user_00275,2025-09-14 11:36:52.481404,regular_user,True,Germany,iOS,2025-09-25 08:59:13.481404
user_00276,2025-07-29 00:49:20.481404,power_user,False,Japan,Web,2025-09-24 13:10:56.481404
user_00277,2025-09-16 17:23:52.481404,churn_risk_user,False,US,Android,2025-07-21 14:34:41.481404
user_00278,2025-08-08 18:27:28.481404,casual_user,False,France,iOS,2025-10-06 17:28:40.481404
user_00279,2025-08-17 05:49:32.481404,regular_user,False,Canada,Android,2025-09-28 15:43:52.481404
user_00280,2025-09-12 17:15:01.481404,power_user,False,US,iOS,2025-10-01 08:09:42.481404
user_00281,2025-09-10 14:25:55.481404,casual_user,False,Japan,Android,2025-07-17 23:22:21.481404
user_00282,2025-08-14 18:14:21.481404,casual_user,False,US,iOS,2025-09-30 19:09:40.481404
user_00283,2025-08-21 00:57:12.481404,regular_user,True,Germany,Android,2025-10-06 01:44:57.481404
user_00284,2025-10-04 20:21:32.481404,power_user,True,Australia,iOS,2025-10-01 16:46:25.481404
user_00285,2025-08-28 18:08:43.481404,casual_user,False,UK,Android,2025-09-30 06:50:07.481404
user_00286,2025-08-22 08:08:43.481404,casual_user,False,Australia,Android,2025-09-23 11:39:34.481404
user_00287,2025-07-21 06:03:59.481404,regular_user,False,France,Android,2025-08-04 01:59:25.481404
user_00288,2025-08-02 13:46:06.481404,casual_user,False,Germany,Android,2025-09-26 03:30:22.481404
user_00289,2025-07-31 07:41:20.481404,casual_user,False,Canada,Android,2025-09-16 16:42:41.481404
user_00290,2025-07-15 17:17:51.481404,regular_user,False,Japan,iOS,2025-09-18 01:38:32.481404
user_00291,2025-08-11 07:54:10.481404,casual_user,False,US,Android,2025-09-05 22:29:23.481404
user_00292,2025-07-11 13:07:11.481404,regular_user,False,France,Android,2025-09-10 11:20:14.481404
user_00293,2025-09-04 14:57:54.481404,power_user,True,Canada,Desktop,2025-09-24 17:00:52.481404
user_00294,2025-09-01 06:50:13.481404,casual_user,False,Canada,Android,2025-09-16 14:18:05.481404
user_00295,2025-07-31 20:18:45.481404,casual_user,False,Germany,Android,2025-09-16 20:13:34.481404
user_00296,2025-09-04 15:16:16.481404,churn_risk_user,False,Canada,Web,2025-09-28 22:56:30.481404
user_00297,2025-07-30 21:15:00.481404,power_user,False,Australia,iOS,2025-09-14 04:44:49.481404
user_00298,2025-07-10 04:51:44.481404,regular_user,False,US,Android,2025-10-04 01:17:35.481404
user_00299,2025-07-16 09:31:56.481404,regular_user,False,US,Web,2025-09-26 01:03:12.481404
user_00300,2025-09-16 05:29:43.481404,churn_risk_user,False,Germany,iOS,2025-09-22 21:20:46.481404
user_00301,2025-09-08 18:40:58.481404,casual_user,True,US,iOS,2025-10-05 23:08:08.481404
user_00302,2025-07-15 05:17:31.481404,regular_user,False,Australia,iOS,2025-09-17 09:54:42.481404
user_00303,2025-07-31 17:34:45.481404,regular_user,False,UK,Android,2025-09-19 23:57:56.481404
user_00304,2025-07-16 01:09:37.481404,regular_user,False,Australia,iOS,2025-10-03 22:42:11.481404
user_00305,2025-10-05 09:53:16.481404,power_user,True,Australia,iOS,2025-09-18 04:30:36.481404
user_00306,2025-07-12 13:18:13.481404,churn_risk_user,False,UK,Web,2025-10-04 06:25:50.481404
user_00307,2025-09-30 23:12:07.481404,regular_user,False,US,iOS,2025-10-01 17:39:11.481404
user_00308,2025-08-10 14:03:38.481404,churn_risk_user,False,Japan,iOS,2025-09-30 18:21:20.481404
user_00309,2025-07-16 09:12:57.481404,regular_user,True,Australia,iOS,2025-09-28 07:56:55.481404
user_00310,2025-08-28 10:10:37.481404,casual_user,False,,iOS,2025-09-10 13:04:38.481404
user_00311,2025-08-01 14:41:50.481404,casual_user,False,Germany,Android,2025-09-07 06:40:54.481404
user_00312,2025-08-05 13:00:19.481404,casual_user,False,US,iOS,2025-09-22 15:00:16.481404
user_00313,2025-09-12 10:56:15.481404,churn_risk_user,False,France,Android,2025-09-12 05:50:48.481404
user_00314,2025-08-25 15:12:14.481404,power_user,True,Australia,iOS,2025-09-08 12:02:00.481404
user_00315,2025-07-30 07:18:51.481404,regular_user,False,US,Android,2025-09-29 03:08:45.481404
user_00316,2025-08-30 20:36:45.481404,regular_user,False,US,Android,2025-09-23 17:17:04.481404
user_00317,2025-07-22 08:24:55.481404,power_user,True,US,Android,2025-09-14 09:13:08.481404
user_00318,2025-09-17 17:38:24.481404,casual_user,False,Australia,Web,2025-10-07 00:39:16.481404
user_00319,2025-10-03 04:12:28.481404,casual_user,True,UK,iOS,2025-09-30 00:21:56.481404
user_00320,2025-09-02 22:43:59.481404,regular_user,False,US,Android,2025-09-14 08:59:06.481404
user_00321,2025-09-03 10:46:36.481404,casual_user,False,Canada,iOS,2025-10-01 09:41:32.481404
user_00322,2025-08-24 09:30:34.481404,regular_user,False,US,iOS,2025-09-30 09:01:00.481404
user_00323,2025-08-02 02:19:51.481404,power_user,True,US,iOS,2025-10-07 10:31:25.481404
user_00324,2025-09-23 16:24:07.481404,regular_user,False,France,iOS,2025-08-20 02:18:05.481404
user_00325,2025-08-24 10:12:47.481404,regular_user,True,Canada,Android,2025-10-03 13:10:27.481404
user_00326,2025-09-25 21:42:38.481404,power_user,False,US,Android,2025-10-03 08:19:58.481404
user_00327,2025-08-18 00:37:29.481404,casual_user,False,Germany,Android,2025-09-17 16:13:38.481404
user_00328,2025-07-27 23:47:37.481404,regular_user,False,US,Web,2025-09-12 08:33:09.481404
user_00329,2025-07-18 15:54:05.481404,regular_user,False,UK,Android,2025-10-06 01:11:38.481404
user_00330,2025-07-18 21:58:17.481404,regular_user,False,US,iOS,2025-08-14 22:16:49.481404
user_00331,2025-09-11 11:38:50.481404,regular_user,True,Japan,iOS,2025-10-07 05:37:24.481404
user_00332,2025-08-20 08:31:42.481404,churn_risk_user,False,US,Android,2025-09-21 23:26:18.481404
user_00333,2025-08-12 21:40:46.481404,casual_user,False,Canada,Android,2025-09-22 22:18:52.481404
user_00334,2025-08-19 15:06:58.481404,regular_user,False,,Android,2025-09-01 16:40:58.481404
user_00335,2025-08-18 10:02:38.481404,regular_user,False,US,iOS,2025-10-04 16:38:50.481404
user_00336,2025-08-23 20:21:09.481404,regular_user,False,Japan,Android,2025-09-12 22:32:03.481404
user_00337,2025-10-01 08:59:30.481404,casual_user,False,US,iOS,2025-10-01 17:15:42.481404
user_00338,2025-09-18 06:58:34.481404,churn_risk_user,True,Japan,Android,2025-08-21 05:57:00.481404
user_00339,2025-07-14 18:20:03.481404,regular_user,False,UK,Web,2025-09-23 23:08:14.481404
user_00340,2025-09-12 21:09:34.481404,churn_risk_user,False,US,Android,2025-09-14 01:45:56.481404
user_00341,2025-09-10 22:46:04.481404,churn_risk_user,False,Canada,Android,2025-09-28 19:08:42.481404
user_00342,2025-09-10 05:48:51.481404,casual_user,False,Germany,Web,2025-10-06 01:52:10.481404
user_00343,2025-07-19 01:26:11.481404,regular_user,True,,iOS,2025-09-25 01:05:20.481404
user_00344,2025-07-15 09:20:38.481404,casual_user,False,US,Web,2025-09-23 04:23:59.481404
user_00345,2025-08-17 14:16:55.481404,regular_user,False,US,Android,2025-10-07 04:54:37.481404
user_00346,2025-09-18 04:58:01.481404,regular_user,True,,iOS,2025-09-30 23:46:15.481404
user_00347,2025-08-11 10:44:19.481404,casual_user,False,Germany,iOS,2025-10-07 01:19:26.481404
user_00348,2025-09-25 05:37:19.481404,churn_risk_user,False,US,iOS,2025-09-01 15:59:55.481404
user_00349,2025-10-01 03:56:56.481404,regular_user,False,US,Android,2025-09-30 09:12:12.481404
user_00350,2025-07-20 02:43:18.481404,regular_user,True,Canada,Android,2025-10-02 11:52:52.481404
user_00351,2025-08-02 15:31:03.481404,regular_user,True,US,Android,2025-09-30 06:47:56.481404
user_00352,2025-07-28 02:32:37.481404,casual_user,False,France,Android,2025-10-06 06:13:35.481404
user_00353,2025-07-27 23:19:30.481404,regular_user,False,US,iOS,2025-09-06 20:47:46.481404
user_00354,2025-08-30 13:44:33.481404,regular_user,True,UK,Web,2025-09-09 08:02:09.481404
user_00355,2025-08-22 01:27:06.481404,power_user,True,UK,Web,2025-09-23 13:30:38.481404
user_00356,2025-07-23 02:45:17.481404,regular_user,False,US,iOS,2025-09-28 14:23:34.481404
user_00357,2025-08-19 11:09:42.481404,churn_risk_user,False,US,Desktop,2025-10-01 05:11:37.481404
user_00358,2025-07-27 07:39:52.481404,casual_user,False,UK,Android,2025-10-04 14:47:27.481404
user_00359,2025-08-05 13:09:49.481404,regular_user,False,US,iOS,2025-09-27 00:41:01.481404
user_00360,2025-08-23 10:06:28.481404,regular_user,False,US,Android,2025-09-17 15:40:42.481404
user_00361,2025-08-02 18:11:51.481404,churn_risk_user,False,Australia,iOS,2025-10-05 03:05:55.481404
user_00362,2025-10-02 09:48:22.481404,casual_user,False,Australia,Android,2025-09-27 18:01:02.481404
user_00363,2025-10-07 03:28:16.481404,churn_risk_user,False,UK,Android,2025-09-10 02:41:49.481404
user_00364,2025-07-16 19:45:57.481404,casual_user,False,US,Web,
user_00365,2025-08-21 12:40:33.481404,casual_user,False,US,Android,2025-08-22 05:19:20.481404
user_00366,2025-09-25 22:56:04.481404,regular_user,False,US,Android,2025-10-07 04:31:55.481404
user_00367,2025-10-01 03:11:42.481404,churn_risk_user,True,,iOS,2025-09-20 07:02:36.481404
user_00368,2025-09-30 14:39:13.481404,casual_user,False,Canada,Android,2025-09-06 20:42:29.481404
user_00369,2025-08-31 22:27:26.481404,casual_user,False,US,Android,2025-09-15 15:11:57.481404
user_00370,2025-07-19 00:15:00.481404,casual_user,False,France,iOS,2025-10-07 03:38:49.481404
user_00371,2025-07-14 09:59:08.481404,casual_user,False,UK,iOS,2025-09-09 05:16:37.481404
user_00372,2025-09-10 19:42:50.481404,regular_user,True,US,Android,2025-10-05 16:08:15.481404
user_00373,2025-08-30 23:46:03.481404,regular_user,False,US,iOS,2025-09-25 12:26:29.481404
user_00374,2025-09-28 16:11:30.481404,regular_user,True,Canada,Android,2025-09-13 04:20:46.481404
user_00375,2025-07-10 22:29:40.481404,casual_user,False,US,Web,2025-09-07 15:26:55.481404
user_00376,2025-07-18 13:25:27.481404,regular_user,False,US,iOS,2025-09-29 15:30:37.481404
user_00377,2025-10-07 10:41:52.481404,regular_user,True,Canada,Android,2025-10-07 06:07:21.481404
user_00378,2025-09-20 16:02:28.481404,casual_user,False,France,Android,2025-09-29 04:28:03.481404
user_00379,2025-09-29 21:42:38.481404,churn_risk_user,True,US,iOS,2025-08-01 05:25:33.481404
user_00380,2025-08-01 10:54:37.481404,casual_user,False,US,Web,2025-09-26 12:27:58.481404
user_00381,2025-07-25 15:38:21.481404,power_user,False,US,iOS,2025-10-06 14:48:52.481404
user_00382,2025-08-17 23:07:11.481404,regular_user,True,US,iOS,2025-09-16 22:56:33.481404
user_00383,2025-08-25 15:43:56.481404,casual_user,False,US,Android,2025-09-14 19:59:50.481404
user_00384,2025-08-25 05:45:10.481404,casual_user,False,UK,iOS,2025-10-05 11:02:56.481404
user_00385,2025-07-30 06:10:25.481404,regular_user,False,US,Android,2025-09-13 18:26:59.481404
user_00386,2025-10-01 10:53:16.481404,casual_user,False,Canada,iOS,2025-09-13 10:42:14.481404
user_00387,2025-08-17 10:35:52.481404,churn_risk_user,False,France,Android,2025-09-25 21:09:25.481404
user_00388,2025-10-05 02:57:02.481404,power_user,True,,Android,2025-10-01 13:20:17.481404
user_00389,2025-07-15 04:44:12.481404,casual_user,False,US,iOS,2025-09-27 03:30:42.481404
user_00390,2025-07-25 11:44:19.481404,casual_user,False,France,Web,2025-08-23 18:42:55.481404
user_00391,2025-08-15 07:10:39.481404,regular_user,True,France,iOS,2025-10-06 10:31:01.481404
user_00392,2025-07-09 17:07:43.481404,casual_user,False,Australia,iOS,2025-09-09 00:43:43.481404
user_00393,2025-08-16 09:51:18.481404,casual_user,False,Canada,iOS,2025-10-06 20:27:22.481404
user_00394,2025-08-04 06:04:27.481404,casual_user,False,US,iOS,2025-09-30 08:40:19.481404
user_00395,2025-10-07 11:02:59.481404,power_user,True,Canada,Android,2025-09-30 21:01:30.481404
user_00396,2025-09-23 15:07:23.481404,regular_user,True,Canada,Android,2025-09-27 04:05:12.481404
user_00397,2025-09-23 17:35:25.481404,churn_risk_user,False,Australia,iOS,2025-09-13 01:40:22.481404
user_00398,2025-08-22 16:21:09.481404,regular_user,False,Australia,Desktop,2025-09-23 03:49:07.481404
user_00399,2025-08-06 04:47:06.481404,power_user,True,Germany,Android,2025-09-23 15:44:17.481404
user_00400,2025-08-19 13:47:06.481404,regular_user,True,US,Web,2025-10-06 11:04:42.481404
user_00401,2025-09-15 03:16:56.481404,regular_user,True,US,iOS,2025-10-04 16:38:18.481404
user_00402,2025-09-18 10:18:25.481404,power_user,True,US,Android,2025-08-14 05:55:12.481404
user_00403,2025-09-23 13:28:15.481404,regular_user,False,Japan,Android,2025-09-21 13:36:54.481404
user_00404,2025-09-01 11:08:25.481404,regular_user,True,US,Android,2025-10-02 13:02:27.481404
user_00405,2025-09-11 18:22:41.481404,churn_risk_user,False,Canada,Android,2025-08-25 01:30:38.481404
user_00406,2025-09-17 06:07:08.481404,regular_user,True,Canada,Desktop,2025-09-17 20:09:22.481404
user_00407,2025-08-25 18:07:58.481404,regular_user,False,US,Android,2025-10-06 08:42:20.481404
user_00408,2025-07-24 12:48:32.481404,power_user,True,Germany,iOS,2025-09-18 22:54:13.481404
user_00409,2025-07-27 22:36:01.481404,casual_user,False,Brazil,iOS,2025-09-18 16:27:51.481404
user_00410,2025-08-07 07:29:08.481404,regular_user,True,,Web,2025-09-30 18:20:36.481404
user_00411,2025-07-30 15:23:10.481404,regular_user,False,UK,Android,2025-08-30 09:34:21.481404
user_00412,2025-07-15 04:22:56.481404,power_user,True,US,Android,2025-09-21 14:22:21.481404
user_00413,2025-09-03 17:41:39.481404,casual_user,False,US,iOS,2025-09-20 22:21:25.481404
user_00414,2025-09-18 22:29:53.481404,regular_user,True,US,Web,2025-09-03 05:54:48.481404
user_00415,2025-08-31 03:30:46.481404,regular_user,True,US,iOS,2025-09-29 22:18:18.481404
user_00416,2025-07-15 10:08:52.481404,casual_user,False,Brazil,Android,
user_00417,2025-09-20 03:00:56.481404,churn_risk_user,False,US,Web,2025-09-19 10:41:58.481404
user_00418,2025-08-08 22:51:30.481404,power_user,False,US,Web,2025-09-22 15:12:05.481404
user_00419,2025-07-15 01:18:40.481404,casual_user,False,France,iOS,2025-08-12 20:08:55.481404
user_00420,2025-07-14 08:56:47.481404,power_user,True,US,Android,2025-09-09 18:01:14.481404
user_00421,2025-09-04 05:20:19.481404,regular_user,False,Canada,Android,2025-09-12 02:54:04.481404
user_00422,2025-08-24 19:06:14.481404,power_user,False,Brazil,Android,2025-09-12 16:51:59.481404
user_00423,2025-08-27 07:49:57.481404,casual_user,False,US,Android,2025-10-04 05:05:22.481404
user_00424,2025-10-06 18:26:01.481404,regular_user,True,US,iOS,2025-10-06 15:32:53.481404
user_00425,2025-09-30 07:05:15.481404,power_user,True,,Android,2025-08-24 07:25:30.481404
user_00426,2025-08-30 01:43:11.481404,churn_risk_user,False,US,Android,2025-10-01 12:53:10.481404
user_00427,2025-07-24 18:57:04.481404,regular_user,True,Canada,iOS,2025-09-28 09:35:30.481404
user_00428,2025-07-15 00:38:43.481404,casual_user,False,US,iOS,2025-09-21 06:00:41.481404
user_00429,2025-08-27 19:25:57.481404,casual_user,False,US,Desktop,2025-10-04 22:25:39.481404
user_00430,2025-07-17 06:46:46.481404,power_user,True,,iOS,2025-09-12 06:42:44.481404
user_00431,2025-09-30 03:52:41.481404,power_user,True,US,iOS,2025-09-15 03:40:36.481404
user_00432,2025-07-27 13:06:35.481404,casual_user,True,UK,Desktop,2025-08-12 18:33:24.481404
user_00433,2025-07-16 03:46:21.481404,casual_user,False,US,Android,2025-09-14 08:45:24.481404
user_00434,2025-09-05 06:38:19.481404,regular_user,False,US,Web,2025-10-04 09:35:32.481404
user_00435,2025-07-16 02:28:00.481404,regular_user,True,US,iOS,2025-09-14 12:52:12.481404
user_00436,2025-09-13 01:27:56.481404,casual_user,False,Germany,iOS,2025-09-22 02:01:07.481404
user_00437,2025-10-01 04:17:26.481404,regular_user,False,US,iOS,2025-09-22 16:02:33.481404
user_00438,2025-08-01 08:10:16.481404,casual_user,False,UK,iOS,2025-10-03 05:17:07.481404
user_00439,2025-08-17 16:58:17.481404,power_user,True,,Android,2025-10-06 06:38:50.481404
user_00440,2025-07-21 03:27:44.481404,churn_risk_user,False,US,Android,2025-09-27 14:10:26.481404
user_00441,2025-10-03 22:37:34.481404,regular_user,False,US,Android,2025-09-17 06:41:38.481404
user_00442,2025-09-02 19:32:46.481404,regular_user,True,Germany,Android,2025-09-02 02:45:32.481404
user_00443,2025-08-02 09:49:47.481404,regular_user,True,UK,Android,2025-09-25 17:10:31.481404
user_00444,2025-09-03 17:05:08.481404,casual_user,False,France,iOS,
user_00445,2025-09-05 05:26:11.481404,casual_user,False,US,Android,2025-10-01 13:33:55.481404
user_00446,2025-07-13 08:42:40.481404,power_user,False,UK,Android,2025-09-19 17:17:24.481404
user_00447,2025-09-07 15:22:11.481404,casual_user,False,Canada,Android,2025-10-04 04:14:56.481404
user_00448,2025-07-17 11:08:29.481404,power_user,True,US,Android,2025-09-27 10:36:07.481404
user_00449,2025-08-19 04:58:16.481404,regular_user,False,US,iOS,2025-10-03 20:29:08.481404
user_00450,2025-09-11 07:53:48.481404,casual_user,True,US,iOS,2025-10-01 16:48:48.481404
user_00451,2025-09-04 04:09:41.481404,churn_risk_user,False,US,iOS,2025-09-17 23:50:24.481404
user_00452,2025-09-02 09:10:50.481404,regular_user,False,Australia,iOS,2025-08-31 13:23:06.481404
user_00453,2025-08-29 06:16:42.481404,regular_user,True,Australia,Android,2025-08-11 09:25:53.481404
user_00454,2025-08-09 05:18:05.481404,regular_user,True,US,Desktop,2025-10-02 16:14:06.481404
user_00455,2025-08-03 19:44:04.481404,regular_user,False,Canada,iOS,2025-09-26 02:03:32.481404
user_00456,2025-07-29 08:03:53.481404,regular_user,True,Canada,Android,2025-09-19 04:24:36.481404
user_00457,2025-09-12 12:40:51.481404,casual_user,False,US,Desktop,2025-07-30 05:25:09.481404
user_00458,2025-09-17 00:57:15.481404,casual_user,False,,Android,2025-09-24 01:06:06.481404
user_00459,2025-08-09 00:12:28.481404,regular_user,False,France,Android,2025-07-16 17:33:18.481404
user_00460,2025-08-01 16:17:05.481404,power_user,True,Brazil,iOS,2025-09-20 11:59:34.481404
user_00461,2025-08-04 07:01:59.481404,regular_user,False,UK,Android,2025-09-13 15:09:24.481404
user_00462,2025-08-16 22:21:15.481404,churn_risk_user,False,US,iOS,2025-09-28 08:01:49.481404
user_00463,2025-07-22 05:04:29.481404,casual_user,False,US,Android,2025-10-01 07:31:03.481404
user_00464,2025-09-12 17:15:28.481404,casual_user,False,Brazil,iOS,2025-10-06 22:59:55.481404
user_00465,2025-09-10 04:13:56.481404,casual_user,False,France,Android,2025-09-09 02:37:45.481404
user_00466,2025-08-07 15:09:00.481404,casual_user,False,US,Android,2025-10-06 22:58:17.481404
user_00467,2025-08-22 21:31:00.481404,churn_risk_user,False,US,iOS,2025-08-27 13:21:54.481404
user_00468,2025-08-09 04:51:09.481404,power_user,True,France,iOS,2025-10-03 16:11:34.481404
user_00469,2025-09-20 12:04:39.481404,regular_user,False,Germany,Android,2025-09-17 09:35:41.481404
user_00470,2025-07-16 13:08:38.481404,regular_user,False,US,Android,2025-07-16 02:52:38.481404
user_00471,2025-07-10 09:48:46.481404,casual_user,False,Canada,Android,2025-09-30 19:14:35.481404
user_00472,2025-08-22 23:59:20.481404,regular_user,False,US,iOS,2025-09-17 21:28:19.481404
user_00473,2025-09-07 19:30:44.481404,casual_user,False,US,iOS,2025-09-09 10:37:54.481404
user_00474,2025-09-02 03:58:35.481404,casual_user,False,Canada,Android,2025-09-18 08:21:28.481404
user_00475,2025-07-19 05:04:46.481404,casual_user,False,US,Android,2025-10-03 21:49:21.481404
user_00476,2025-07-16 14:48:58.481404,regular_user,True,Germany,iOS,2025-09-10 15:21:17.481404
user_00477,2025-08-30 16:53:07.481404,casual_user,False,,iOS,2025-10-02 22:44:45.481404
user_00478,2025-07-30 04:47:30.481404,regular_user,True,US,Web,2025-09-21 11:49:34.481404
user_00479,2025-08-27 14:54:11.481404,churn_risk_user,False,UK,Android,2025-09-11 15:08:52.481404
user_00480,2025-08-04 06:04:05.481404,casual_user,False,US,iOS,2025-10-04 03:39:12.481404
user_00481,2025-07-22 08:45:09.481404,casual_user,True,Canada,iOS,2025-09-30 05:15:36.481404
user_00482,2025-08-12 09:21:21.481404,casual_user,True,Canada,Android,2025-09-16 10:17:09.481404
user_00483,2025-10-03 00:40:07.481404,casual_user,True,Canada,Android,2025-10-01 17:13:02.481404
user_00484,2025-07-16 04:24:06.481404,regular_user,False,Australia,Android,2025-09-09 08:22:09.481404
user_00485,2025-10-02 20:57:16.481404,regular_user,False,UK,iOS,2025-09-11 06:56:48.481404
user_00486,2025-08-02 05:19:49.481404,power_user,True,France,Android,2025-09-14 15:05:44.481404
user_00487,2025-08-14 09:10:00.481404,casual_user,False,UK,iOS,2025-09-14 08:16:35.481404
user_00488,2025-08-06 04:10:30.481404,regular_user,False,US,iOS,2025-09-28 23:11:07.481404
user_00489,2025-07-24 19:40:59.481404,regular_user,False,,Web,2025-09-12 00:47:52.481404
user_00490,2025-08-21 01:09:01.481404,casual_user,False,Canada,Android,2025-08-29 12:41:24.481404
user_00491,2025-09-28 10:52:22.481404,power_user,True,France,iOS,2025-09-08 20:30:27.481404
user_00492,2025-08-31 05:53:45.481404,regular_user,False,US,iOS,2025-08-23 14:09:50.481404
user_00493,2025-09-15 19:28:23.481404,regular_user,True,US,Android,2025-09-18 20:03:58.481404
user_00494,2025-08-07 21:01:20.481404,regular_user,False,US,Web,2025-10-03 15:27:00.481404
user_00495,2025-09-06 21:25:07.481404,regular_user,False,Japan,Android,2025-09-28 20:56:35.481404
user_00496,2025-09-25 20:47:08.481404,regular_user,False,UK,Android,2025-09-07 02:55:30.481404
user_00497,2025-09-10 23:58:53.481404,power_user,True,Germany,Android,2025-09-24 01:30:13.481404
user_00498,2025-08-29 20:37:39.481404,regular_user,False,Germany,iOS,2025-09-06 11:00:45.481404
user_00499,2025-07-10 06:20:07.481404,casual_user,False,Germany,Android,2025-09-21 03:32:42.481404
user_00500,2025-09-12 08:20:25.481404,churn_risk_user,False,US,iOS,2025-08-20 14:14:06.481404
user_00501,2025-09-26 20:05:49.481404,regular_user,True,Brazil,iOS,2025-09-28 03:16:50.481404
user_00502,2025-09-01 08:25:24.481404,regular_user,False,UK,Android,2025-09-18 13:25:49.481404
user_00503,2025-08-07 13:42:33.481404,power_user,True,US,iOS,2025-09-16 16:45:18.481404
user_00504,2025-09-11 21:54:50.481404,churn_risk_user,False,UK,iOS,2025-10-04 07:58:51.481404
user_00505,2025-07-19 13:28:49.481404,regular_user,False,US,Android,2025-09-09 13:00:30.481404
user_00506,2025-10-02 18:17:25.481404,churn_risk_user,False,Brazil,iOS,2025-09-20 07:12:03.481404
user_00507,2025-07-22 13:01:38.481404,regular_user,True,Germany,Desktop,2025-09-18 06:09:25.481404
user_00508,2025-08-04 04:21:23.481404,regular_user,False,US,Android,2025-09-25 03:58:20.481404
user_00509,2025-07-20 17:04:28.481404,regular_user,False,Canada,iOS,2025-07-23 04:04:45.481404
user_00510,2025-10-03 21:17:14.481404,power_user,True,US,iOS,2025-09-21 21:08:46.481404
user_00511,2025-07-19 21:31:05.481404,casual_user,False,UK,iOS,2025-09-14 01:33:57.481404
user_00512,2025-09-19 14:03:45.481404,casual_user,False,US,Android,2025-09-09 10:59:45.481404
user_00513,2025-09-01 05:12:39.481404,regular_user,True,UK,Android,2025-10-02 09:50:46.481404
user_00514,2025-07-24 14:19:34.481404,regular_user,False,France,Android,2025-09-21 23:54:08.481404
user_00515,2025-08-04 22:43:25.481404,regular_user,False,Australia,Android,2025-09-27 00:46:05.481404
user_00516,2025-08-05 20:38:45.481404,power_user,True,France,Android,2025-09-23 19:14:38.481404
user_00517,2025-09-06 05:27:43.481404,power_user,True,US,iOS,2025-09-28 16:33:03.481404
user_00518,2025-07-29 22:54:32.481404,regular_user,True,Germany,Android,2025-08-17 01:10:56.481404
user_00519,2025-09-17 04:15:50.481404,regular_user,False,Japan,Web,2025-09-25 16:35:32.481404
user_00520,2025-08-11 19:04:31.481404,regular_user,False,,Android,2025-09-01 07:27:26.481404
user_00521,2025-07-29 06:31:21.481404,power_user,True,UK,Web,2025-09-29 05:10:09.481404
user_00522,2025-09-14 06:05:26.481404,regular_user,False,US,Android,2025-10-03 19:19:49.481404
user_00523,2025-09-09 01:59:16.481404,casual_user,False,Germany,Desktop,2025-08-30 09:11:07.481404
user_00524,2025-09-30 07:32:14.481404,regular_user,False,US,Android,2025-09-26 19:23:50.481404
user_00525,2025-08-04 03:14:00.481404,regular_user,False,France,iOS,2025-08-14 18:26:53.481404
user_00526,2025-08-27 13:47:41.481404,churn_risk_user,False,US,Android,2025-10-04 19:49:11.481404
user_00527,2025-08-25 22:28:05.481404,casual_user,False,Japan,Web,2025-07-13 00:31:20.481404
user_00528,2025-08-02 21:15:40.481404,regular_user,False,US,iOS,2025-09-24 08:34:45.481404
user_00529,2025-10-05 09:41:35.481404,regular_user,False,Australia,iOS,
user_00530,2025-10-05 16:16:13.481404,regular_user,False,US,Web,2025-09-29 19:44:08.481404
user_00531,2025-09-29 15:40:15.481404,casual_user,False,,iOS,2025-08-30 09:05:16.481404
user_00532,2025-07-14 10:28:35.481404,churn_risk_user,False,Canada,iOS,2025-09-13 13:24:14.481404
user_00533,2025-07-18 11:10:38.481404,casual_user,False,US,iOS,2025-10-04 15:57:47.481404
user_00534,2025-09-09 02:05:46.481404,regular_user,False,Germany,Web,2025-09-23 22:00:29.481404
user_00535,2025-08-19 15:06:34.481404,power_user,True,US,Web,2025-09-13 14:23:32.481404
user_00536,2025-09-28 00:37:39.481404,casual_user,False,Germany,iOS,2025-09-30 23:16:00.481404
user_00537,2025-08-05 08:49:04.481404,regular_user,False,UK,iOS,2025-09-29 23:06:03.481404
user_00538,2025-07-13 18:50:09.481404,regular_user,False,US,iOS,2025-09-22 00:46:40.481404
user_00539,2025-07-09 20:22:06.481404,casual_user,False,US,iOS,2025-08-20 09:54:23.481404
user_00540,2025-08-10 21:20:58.481404,power_user,True,UK,Android,2025-08-24 22:04:05.481404
user_00541,2025-09-22 08:56:39.481404,casual_user,False,US,Android,2025-09-18 01:40:02.481404
user_00542,2025-07-22 04:56:17.481404,regular_user,False,Canada,iOS,2025-09-18 13:33:27.481404
user_00543,2025-09-09 08:41:17.481404,casual_user,False,Australia,iOS,2025-10-07 00:11:12.481404
user_00544,2025-08-03 22:30:23.481404,regular_user,False,US,Android,2025-09-05 19:26:25.481404
user_00545,2025-07-25 04:37:10.481404,regular_user,False,Australia,Android,2025-10-05 11:15:17.481404
user_00546,2025-09-19 11:17:58.481404,regular_user,True,US,iOS,2025-10-02 00:03:57.481404
user_00547,2025-08-21 09:39:27.481404,casual_user,False,Japan,Android,2025-09-27 22:32:18.481404
user_00548,2025-09-01 01:36:53.481404,casual_user,False,US,Web,2025-10-04 21:42:11.481404
user_00549,2025-09-16 00:25:50.481404,casual_user,False,US,iOS,2025-09-23 13:58:55.481404
user_00550,2025-08-20 00:41:20.481404,regular_user,False,UK,iOS,2025-09-24 14:23:07.481404
user_00551,2025-09-01 23:06:50.481404,churn_risk_user,False,UK,iOS,2025-09-14 19:57:19.481404
user_00552,2025-07-10 10:38:18.481404,casual_user,False,US,Web,2025-09-10 03:24:13.481404
user_00553,2025-07-20 08:47:29.481404,regular_user,False,Germany,Android,2025-09-30 02:41:38.481404
user_00554,2025-07-16 19:26:14.481404,power_user,False,Germany,iOS,2025-09-28 23:48:27.481404
user_00555,2025-10-03 05:53:36.481404,casual_user,False,Japan,iOS,2025-10-05 14:53:30.481404
user_00556,2025-09-14 14:17:55.481404,casual_user,False,US,iOS,2025-09-04 17:32:06.481404
user_00557,2025-10-05 06:24:45.481404,power_user,True,US,Android,2025-09-24 16:24:56.481404
user_00558,2025-07-23 23:25:40.481404,regular_user,True,Germany,iOS,2025-09-23 09:18:55.481404
user_00559,2025-08-31 11:25:26.481404,churn_risk_user,False,Australia,Android,2025-10-01 10:10:52.481404
user_00560,2025-07-13 00:03:28.481404,casual_user,False,US,iOS,2025-09-13 19:32:36.481404
user_00561,2025-09-28 12:51:13.481404,casual_user,True,Canada,Desktop,2025-09-19 03:23:16.481404
user_00562,2025-08-14 08:26:31.481404,casual_user,False,US,Android,2025-09-16 15:39:33.481404
user_00563,2025-09-04 01:27:07.481404,regular_user,True,US,Web,2025-09-03 13:41:25.481404
user_00564,2025-09-01 03:34:59.481404,casual_user,False,Japan,Android,2025-09-16 14:21:42.481404
user_00565,2025-07-23 21:11:23.481404,regular_user,False,US,iOS,2025-07-23 13:25:47.481404
user_00566,2025-08-20 05:34:55.481404,casual_user,False,Japan,iOS,2025-09-21 01:38:31.481404
user_00567,2025-07-21 21:04:33.481404,casual_user,False,Canada,Android,2025-09-23 10:05:29.481404
user_00568,2025-07-13 13:34:28.481404,regular_user,False,US,iOS,2025-09-03 01:52:33.481404
user_00569,2025-08-08 10:24:01.481404,regular_user,False,,Android,2025-10-03 07:49:34.481404
user_00570,2025-08-13 21:48:21.481404,casual_user,False,Canada,iOS,2025-09-26 21:05:58.481404
user_00571,2025-10-04 18:53:06.481404,regular_user,True,UK,iOS,2025-09-06 06:02:00.481404
user_00572,2025-09-24 19:12:20.481404,power_user,True,,iOS,2025-09-24 02:07:19.481404
user_00573,2025-10-01 01:41:19.481404,regular_user,True,Canada,iOS,2025-09-28 04:43:46.481404
user_00574,2025-07-13 09:04:05.481404,regular_user,False,US,iOS,2025-08-28 10:05:16.481404
user_00575,2025-10-04 18:45:09.481404,regular_user,True,US,iOS,2025-10-05 22:46:51.481404
user_00576,2025-08-13 05:51:44.481404,casual_user,False,UK,iOS,2025-09-24 16:01:54.481404
user_00577,2025-07-29 21:37:12.481404,churn_risk_user,False,US,Android,2025-10-04 03:35:35.481404
user_00578,2025-09-13 17:26:13.481404,power_user,True,UK,Web,
user_00579,2025-08-02 17:33:10.481404,regular_user,False,,iOS,2025-09-07 21:21:31.481404
user_00580,2025-09-12 06:10:25.481404,regular_user,True,UK,iOS,2025-09-16 21:33:17.481404
user_00581,2025-07-19 11:37:58.481404,churn_risk_user,False,Canada,iOS,2025-09-30 06:00:43.481404
user_00582,2025-08-12 20:14:14.481404,casual_user,False,France,iOS,2025-09-18 21:51:53.481404
user_00583,2025-09-23 05:54:32.481404,casual_user,True,US,iOS,2025-10-01 00:58:47.481404
user_00584,2025-09-01 20:43:46.481404,casual_user,False,US,iOS,2025-10-04 04:44:10.481404
user_00585,2025-10-03 08:17:22.481404,regular_user,True,US,iOS,2025-09-12 06:59:43.481404
user_00586,2025-10-02 10:20:05.481404,casual_user,True,US,iOS,2025-09-23 05:19:32.481404
user_00587,2025-08-17 23:02:03.481404,churn_risk_user,False,Australia,iOS,2025-10-05 23:48:39.481404
user_00588,2025-09-07 18:21:09.481404,regular_user,True,Canada,Web,2025-09-22 05:06:13.481404
user_00589,2025-09-20 06:30:56.481404,casual_user,False,Germany,iOS,2025-09-08 17:02:07.481404
user_00590,2025-07-24 12:14:30.481404,churn_risk_user,False,UK,iOS,2025-09-21 11:15:03.481404
user_00591,2025-10-07 09:17:32.481404,power_user,True,US,Android,
user_00592,2025-08-01 11:44:39.481404,regular_user,True,US,Android,2025-09-10 11:04:53.481404
user_00593,2025-10-01 10:47:01.481404,regular_user,False,Australia,Android,2025-07-22 00:16:59.481404
user_00594,2025-07-25 06:45:46.481404,casual_user,False,Australia,iOS,2025-08-18 20:53:23.481404
user_00595,2025-09-25 03:58:41.481404,regular_user,False,UK,Android,2025-09-16 04:55:39.481404
user_00596,2025-09-26 05:20:29.481404,casual_user,False,Brazil,iOS,2025-09-10 10:11:19.481404
user_00597,2025-07-26 16:40:05.481404,regular_user,False,US,Android,2025-08-21 13:24:07.481404
user_00598,2025-10-03 01:57:18.481404,casual_user,False,US,iOS,2025-10-05 07:55:45.481404
user_00599,2025-08-18 12:49:19.481404,regular_user,True,Japan,iOS,2025-09-27 22:29:17.481404
user_00600,2025-07-11 21:51:46.481404,regular_user,True,Canada,Android,2025-09-24 05:42:51.481404
user_00601,2025-07-26 22:02:49.481404,regular_user,True,UK,iOS,2025-10-01 04:50:58.481404
user_00602,2025-09-19 00:25:33.481404,casual_user,False,US,iOS,2025-09-15 09:00:15.481404
user_00603,2025-10-07 06:19:04.481404,churn_risk_user,False,Australia,iOS,2025-10-06 07:51:31.481404
user_00604,2025-08-10 18:09:16.481404,regular_user,True,UK,Desktop,2025-08-29 20:42:39.481404
user_00605,2025-09-23 11:11:56.481404,regular_user,True,US,iOS,2025-08-27 10:20:27.481404
user_00606,2025-08-18 11:28:03.481404,regular_user,True,Germany,Android,2025-09-01 23:58:29.481404
user_00607,2025-09-25 09:26:59.481404,regular_user,False,US,Desktop,2025-09-14 13:33:16.481404
user_00608,2025-09-12 13:06:11.481404,regular_user,False,Canada,Android,2025-10-03 15:00:06.481404
user_00609,2025-10-01 09:31:17.481404,churn_risk_user,False,,iOS,2025-09-11 09:23:19.481404
user_00610,2025-09-18 20:54:52.481404,regular_user,True,UK,iOS,2025-09-03 01:47:17.481404
user_00611,2025-09-26 05:17:21.481404,regular_user,False,Germany,Android,2025-10-04 01:14:47.481404
user_00612,2025-08-02 14:22:40.481404,regular_user,True,US,iOS,2025-09-22 04:24:04.481404
user_00613,2025-08-04 09:48:31.481404,power_user,True,US,Desktop,2025-09-23 16:28:51.481404
user_00614,2025-07-24 23:03:51.481404,regular_user,True,Canada,iOS,2025-09-23 23:08:20.481404
user_00615,2025-09-23 22:49:19.481404,regular_user,False,UK,iOS,2025-09-19 22:46:24.481404
user_00616,2025-09-15 14:12:10.481404,churn_risk_user,False,Canada,Android,2025-10-05 08:56:17.481404
user_00617,2025-07-19 23:59:14.481404,casual_user,False,US,iOS,2025-09-03 15:48:25.481404
user_00618,2025-08-15 15:29:35.481404,regular_user,False,US,Desktop,2025-08-13 10:59:21.481404
user_00619,2025-10-02 04:24:08.481404,churn_risk_user,False,UK,Web,2025-09-01 10:05:23.481404
user_00620,2025-07-13 06:20:28.481404,power_user,True,US,Android,2025-09-24 01:10:36.481404
user_00621,2025-09-30 20:46:25.481404,regular_user,False,Brazil,iOS,2025-10-03 05:11:12.481404
user_00622,2025-08-24 04:53:37.481404,regular_user,False,UK,Web,2025-09-28 19:42:04.481404
user_00623,2025-07-31 02:24:52.481404,regular_user,True,US,iOS,2025-10-03 05:17:11.481404
user_00624,2025-07-28 21:08:41.481404,casual_user,False,UK,Android,2025-10-06 10:24:54.481404
user_00625,2025-09-26 18:53:27.481404,regular_user,False,,iOS,2025-09-19 08:46:22.481404
user_00626,2025-10-06 16:15:15.481404,casual_user,False,Canada,Desktop,2025-09-28 17:53:07.481404
user_00627,2025-08-23 04:41:26.481404,regular_user,True,Japan,iOS,2025-08-07 03:30:44.481404
user_00628,2025-08-12 10:52:10.481404,casual_user,False,US,Web,2025-10-06 17:38:29.481404
user_00629,2025-08-08 03:15:09.481404,regular_user,False,Canada,Web,2025-10-04 05:48:27.481404
user_00630,2025-09-27 04:05:41.481404,power_user,True,Australia,Android,2025-10-01 06:23:52.481404
user_00631,2025-09-24 17:23:44.481404,casual_user,False,US,iOS,2025-09-18 05:51:55.481404
user_00632,2025-10-02 02:26:10.481404,casual_user,False,US,Desktop,2025-09-30 15:06:25.481404
user_00633,2025-07-31 14:26:32.481404,power_user,False,Australia,Android,2025-09-29 03:53:29.481404
user_00634,2025-07-31 03:33:21.481404,regular_user,True,Germany,Android,2025-08-31 20:58:20.481404
user_00635,2025-07-11 19:14:54.481404,casual_user,False,Germany,Android,2025-09-22 17:12:10.481404
user_00636,2025-09-11 14:05:42.481404,casual_user,False,France,Android,2025-08-17 09:49:20.481404
user_00637,2025-07-28 06:07:53.481404,power_user,True,US,iOS,2025-08-25 09:24:41.481404
user_00638,2025-08-17 04:35:57.481404,regular_user,True,US,iOS,2025-10-06 04:01:12.481404
user_00639,2025-08-10 09:00:43.481404,casual_user,False,US,Desktop,2025-08-31 09:28:40.481404
user_00640,2025-08-05 13:17:54.481404,regular_user,True,US,Android,2025-09-24 12:09:13.481404
user_00641,2025-10-01 10:11:41.481404,casual_user,False,US,iOS,2025-08-24 07:47:40.481404
user_00642,2025-07-16 05:52:06.481404,regular_user,True,US,iOS,2025-10-02 02:48:51.481404
user_00643,2025-09-22 14:05:17.481404,casual_user,False,UK,Web,2025-09-24 09:16:23.481404
user_00644,2025-08-05 14:30:53.481404,regular_user,False,US,Android,2025-09-14 19:51:58.481404
user_00645,2025-08-12 14:20:10.481404,churn_risk_user,False,US,Android,2025-09-22 14:43:01.481404
user_00646,2025-09-09 18:52:01.481404,power_user,False,UK,iOS,2025-09-22 06:49:04.481404
user_00647,2025-08-27 23:06:27.481404,regular_user,False,US,Android,2025-09-20 05:29:48.481404
user_00648,2025-08-17 07:25:28.481404,regular_user,False,France,Android,2025-10-03 02:11:48.481404
user_00649,2025-09-13 11:29:54.481404,regular_user,False,US,Android,2025-09-28 01:32:27.481404
user_00650,2025-09-29 09:58:45.481404,regular_user,False,US,iOS,2025-09-08 09:52:11.481404
user_00651,2025-08-30 13:34:46.481404,casual_user,True,Germany,iOS,2025-09-20 00:22:33.481404
user_00652,2025-08-10 15:44:29.481404,power_user,True,US,iOS,2025-09-26 03:20:08.481404
user_00653,2025-07-12 04:25:13.481404,casual_user,True,France,iOS,2025-10-02 07:17:14.481404
user_00654,2025-07-20 16:52:19.481404,regular_user,False,US,iOS,2025-10-06 22:43:24.481404
user_00655,2025-10-02 15:45:14.481404,regular_user,True,France,iOS,2025-10-04 03:06:58.481404
user_00656,2025-08-03 20:46:54.481404,casual_user,False,UK,Web,2025-09-30 06:04:21.481404
user_00657,2025-07-26 20:11:58.481404,regular_user,False,US,Android,2025-09-12 10:42:18.481404
user_00658,2025-09-03 20:58:42.481404,regular_user,True,Canada,Android,2025-09-24 04:35:27.481404
user_00659,2025-08-04 06:41:16.481404,power_user,True,Germany,Android,2025-07-25 09:30:24.481404
user_00660,2025-07-13 05:15:07.481404,churn_risk_user,False,,Android,2025-09-17 12:12:58.481404
user_00661,2025-07-20 00:42:09.481404,regular_user,True,France,Android,2025-09-26 15:25:48.481404
user_00662,2025-09-05 10:13:05.481404,power_user,True,,Android,2025-09-23 22:02:24.481404
user_00663,2025-08-20 16:42:48.481404,regular_user,False,US,iOS,2025-09-24 00:54:49.481404
user_00664,2025-08-12 01:36:56.481404,regular_user,True,Germany,iOS,2025-09-28 07:17:25.481404
user_00665,2025-09-18 05:44:21.481404,casual_user,False,US,Android,2025-10-06 15:37:53.481404
user_00666,2025-09-23 20:37:00.481404,regular_user,False,US,Android,2025-09-03 21:17:51.481404
user_00667,2025-08-08 23:01:39.481404,casual_user,False,US,Android,2025-10-03 22:47:26.481404
user_00668,2025-08-20 20:58:40.481404,casual_user,False,Canada,iOS,2025-08-23 17:10:35.481404
user_00669,2025-09-06 08:40:31.481404,casual_user,False,Japan,iOS,2025-09-19 20:40:55.481404
user_00670,2025-08-28 03:48:30.481404,regular_user,True,US,Android,2025-10-04 17:14:33.481404
user_00671,2025-07-20 17:34:50.481404,regular_user,False,US,iOS,2025-10-03 23:28:08.481404
user_00672,2025-08-15 21:40:36.481404,regular_user,True,US,iOS,2025-10-01 06:04:56.481404
user_00673,2025-10-04 20:06:15.481404,regular_user,False,UK,Android,2025-09-20 07:22:17.481404
user_00674,2025-09-03 11:39:14.481404,power_user,True,,Android,2025-08-17 00:09:27.481404
user_00675,2025-07-27 23:01:19.481404,casual_user,False,Germany,Android,2025-10-02 13:01:53.481404
user_00676,2025-08-03 05:39:10.481404,regular_user,False,US,iOS,2025-10-01 01:07:31.481404
user_00677,2025-07-13 19:32:04.481404,casual_user,False,US,iOS,2025-10-07 01:47:52.481404
user_00678,2025-09-16 07:41:44.481404,power_user,True,Germany,Android,2025-09-20 20:51:41.481404
user_00679,2025-08-20 20:11:38.481404,regular_user,True,US,iOS,2025-10-06 00:38:47.481404
user_00680,2025-07-09 16:02:50.481404,casual_user,False,France,iOS,2025-09-12 10:22:48.481404
user_00681,2025-08-28 23:36:30.481404,casual_user,False,France,Android,2025-10-03 09:51:29.481404
user_00682,2025-10-07 08:51:10.481404,regular_user,True,US,iOS,2025-09-30 19:51:21.481404
user_00683,2025-09-25 19:24:46.481404,regular_user,False,Germany,Android,2025-10-06 11:20:53.481404
user_00684,2025-08-30 18:47:25.481404,power_user,False,Brazil,Android,2025-09-30 08:33:00.481404
user_00685,2025-09-14 04:35:58.481404,churn_risk_user,False,,iOS,2025-09-30 15:16:49.481404
user_00686,2025-09-17 08:29:59.481404,regular_user,True,US,iOS,2025-09-19 09:30:52.481404
user_00687,2025-09-19 12:58:31.481404,casual_user,False,Canada,iOS,2025-09-19 10:30:21.481404
user_00688,2025-09-19 01:31:43.481404,casual_user,False,US,Android,2025-09-18 01:04:46.481404
user_00689,2025-09-12 14:47:02.481404,regular_user,True,Brazil,iOS,2025-09-13 18:20:31.481404
user_00690,2025-07-28 15:13:53.481404,regular_user,False,Germany,iOS,2025-08-30 23:54:44.481404
user_00691,2025-08-13 20:48:14.481404,power_user,True,Canada,iOS,2025-10-03 03:52:12.481404
user_00692,2025-08-20 09:06:07.481404,power_user,False,UK,iOS,2025-10-02 16:28:12.481404
user_00693,2025-07-16 07:09:25.481404,regular_user,False,US,iOS,2025-10-01 17:12:41.481404
user_00694,2025-09-11 23:53:32.481404,casual_user,False,UK,iOS,2025-08-24 01:23:50.481404
user_00695,2025-10-06 21:39:28.481404,power_user,True,UK,iOS,2025-09-23 09:19:42.481404
user_00696,2025-08-10 13:31:41.481404,power_user,False,,Android,2025-08-28 12:06:51.481404
user_00697,2025-09-08 00:09:49.481404,casual_user,False,,iOS,2025-08-28 17:45:33.481404
user_00698,2025-08-08 23:34:58.481404,churn_risk_user,False,Germany,Desktop,2025-09-30 15:08:04.481404
user_00699,2025-09-11 21:54:40.481404,regular_user,True,UK,Android,2025-09-24 11:27:37.481404
user_00700,2025-09-29 20:07:30.481404,power_user,True,,iOS,2025-09-29 14:35:36.481404
user_00701,2025-07-21 14:30:15.481404,casual_user,False,Brazil,Desktop,2025-10-07 08:58:31.481404
user_00702,2025-09-17 09:15:19.481404,regular_user,False,Germany,iOS,2025-09-26 13:18:09.481404
user_00703,2025-10-04 21:22:03.481404,regular_user,False,US,Android,2025-09-23 01:48:14.481404
user_00704,2025-08-07 15:54:28.481404,casual_user,False,Canada,Android,2025-09-12 01:26:44.481404
user_00705,2025-08-27 17:47:14.481404,regular_user,True,US,iOS,2025-10-01 09:14:03.481404
user_00706,2025-08-08 12:47:30.481404,churn_risk_user,False,Canada,iOS,2025-10-05 19:12:43.481404
user_00707,2025-09-12 06:04:46.481404,regular_user,False,Germany,iOS,2025-10-04 15:00:45.481404
user_00708,2025-08-18 03:43:51.481404,regular_user,True,UK,Android,2025-08-13 17:06:08.481404
user_00709,2025-08-10 04:10:03.481404,power_user,True,US,Web,2025-08-30 21:46:55.481404
user_00710,2025-08-17 13:46:02.481404,churn_risk_user,True,Germany,iOS,2025-09-02 21:06:27.481404
user_00711,2025-09-15 04:43:11.481404,regular_user,False,Brazil,Desktop,2025-09-04 05:28:15.481404
user_00712,2025-08-07 05:01:58.481404,regular_user,True,France,iOS,2025-10-02 16:40:14.481404
user_00713,2025-09-01 07:58:51.481404,regular_user,True,Australia,iOS,2025-09-17 08:52:05.481404
user_00714,2025-07-21 20:42:30.481404,regular_user,False,US,Android,2025-09-06 02:00:11.481404
user_00715,2025-07-28 03:07:34.481404,regular_user,True,US,iOS,2025-10-04 02:18:13.481404
user_00716,2025-08-19 07:49:02.481404,casual_user,False,,Android,2025-10-06 18:04:44.481404
user_00717,2025-09-12 01:30:15.481404,regular_user,False,UK,Android,2025-10-03 13:53:14.481404
user_00718,2025-08-15 07:34:44.481404,regular_user,True,Japan,Web,2025-10-06 00:33:01.481404
user_00719,2025-09-13 06:22:17.481404,casual_user,False,France,Android,2025-09-30 05:04:58.481404
user_00720,2025-09-20 03:23:10.481404,regular_user,True,Canada,iOS,2025-09-13 00:22:22.481404
user_00721,2025-10-05 03:47:44.481404,regular_user,False,US,iOS,2025-09-09 00:07:26.481404
user_00722,2025-07-26 09:37:10.481404,power_user,False,UK,iOS,2025-09-21 17:30:22.481404
user_00723,2025-09-07 06:21:36.481404,casual_user,False,US,Android,2025-09-26 14:29:02.481404
user_00724,2025-09-02 18:13:03.481404,casual_user,False,US,Web,2025-09-28 12:38:29.481404
user_00725,2025-08-07 17:22:13.481404,regular_user,True,UK,iOS,2025-09-22 08:58:41.481404
user_00726,2025-08-17 22:19:48.481404,power_user,True,US,iOS,2025-08-05 11:39:07.481404
user_00727,2025-08-31 16:53:33.481404,regular_user,True,,iOS,2025-10-06 13:20:25.481404
user_00728,2025-09-28 10:49:36.481404,regular_user,True,US,iOS,2025-10-02 22:24:02.481404
user_00729,2025-07-09 13:03:08.481404,casual_user,False,US,Android,2025-09-29 15:20:41.481404
user_00730,2025-08-08 00:11:10.481404,casual_user,False,UK,iOS,2025-09-13 01:20:09.481404
user_00731,2025-08-06 08:39:49.481404,regular_user,False,France,iOS,2025-09-25 18:32:09.481404
user_00732,2025-07-29 21:52:03.481404,regular_user,False,France,Desktop,2025-08-31 03:43:50.481404
user_00733,2025-08-20 05:49:06.481404,casual_user,False,Canada,Android,
user_00734,2025-09-23 19:03:25.481404,power_user,True,Germany,iOS,2025-09-16 02:14:23.481404
user_00735,2025-09-03 19:34:07.481404,casual_user,False,,iOS,2025-09-29 11:15:15.481404
user_00736,2025-09-06 09:43:49.481404,regular_user,False,US,Android,2025-09-13 19:35:46.481404
user_00737,2025-09-11 01:40:51.481404,casual_user,False,UK,Android,2025-09-09 07:44:31.481404
user_00738,2025-08-09 19:00:05.481404,regular_user,False,France,Android,2025-09-30 06:29:00.481404
user_00739,2025-08-23 15:36:26.481404,casual_user,False,Brazil,Android,2025-09-22 00:30:34.481404
user_00740,2025-08-21 09:32:32.481404,casual_user,False,US,Android,2025-09-15 22:52:56.481404
user_00741,2025-08-21 10:24:48.481404,regular_user,True,US,Desktop,2025-08-25 02:10:53.481404
user_00742,2025-09-13 02:25:55.481404,casual_user,False,Germany,Android,2025-10-05 02:40:46.481404
user_00743,2025-07-30 06:04:00.481404,churn_risk_user,False,US,iOS,2025-09-29 13:16:28.481404
user_00744,2025-08-28 03:13:41.481404,casual_user,False,US,iOS,2025-09-21 16:44:05.481404
user_00745,2025-08-24 10:42:36.481404,casual_user,True,Germany,Desktop,2025-08-12 20:56:52.481404
user_00746,2025-09-24 13:38:38.481404,regular_user,True,Germany,Android,2025-10-02 12:25:49.481404
user_00747,2025-10-05 00:00:35.481404,regular_user,False,US,Android,2025-09-24 18:46:18.481404
user_00748,2025-09-24 18:58:42.481404,casual_user,False,US,Android,2025-09-18 21:49:46.481404
user_00749,2025-09-18 23:01:15.481404,regular_user,True,US,Web,2025-09-25 23:57:40.481404
user_00750,2025-07-25 23:30:57.481404,regular_user,True,US,Web,2025-09-17 15:58:17.481404
user_00751,2025-09-11 11:20:23.481404,casual_user,False,US,Android,2025-09-26 04:36:07.481404
user_00752,2025-07-17 17:41:39.481404,regular_user,False,Brazil,iOS,2025-10-03 13:32:06.481404
user_00753,2025-08-06 01:22:35.481404,casual_user,True,UK,iOS,2025-09-28 01:42:28.481404
user_00754,2025-08-28 13:11:47.481404,regular_user,True,Canada,iOS,2025-09-25 19:16:43.481404
user_00755,2025-09-11 22:59:52.481404,casual_user,False,US,Android,2025-09-19 17:06:35.481404
user_00756,2025-09-08 22:57:55.481404,regular_user,False,Australia,iOS,2025-10-06 06:56:34.481404
user_00757,2025-09-07 15:05:19.481404,power_user,True,Brazil,Android,2025-09-17 17:17:33.481404
user_00758,2025-08-11 01:09:05.481404,casual_user,False,US,iOS,2025-09-27 03:27:50.481404
user_00759,2025-07-18 13:42:51.481404,casual_user,False,US,iOS,2025-09-15 01:35:07.481404
user_00760,2025-09-26 23:10:16.481404,regular_user,False,US,Android,2025-10-05 15:42:15.481404
user_00761,2025-09-20 10:23:06.481404,regular_user,False,US,iOS,2025-09-23 19:32:46.481404
user_00762,2025-08-01 07:23:23.481404,casual_user,False,UK,iOS,2025-10-03 23:05:36.481404
user_00763,2025-09-12 19:50:02.481404,regular_user,True,US,Android,2025-09-12 23:55:28.481404
user_00764,2025-08-08 15:26:10.481404,regular_user,True,Australia,Desktop,2025-10-05 14:36:39.481404
user_00765,2025-07-31 07:33:25.481404,casual_user,True,US,Desktop,2025-09-19 18:45:53.481404
user_00766,2025-09-25 19:32:02.481404,regular_user,True,Canada,Android,2025-10-04 22:04:08.481404
user_00767,2025-07-28 20:06:45.481404,casual_user,False,US,Desktop,2025-10-02 04:47:27.481404
user_00768,2025-07-23 19:27:57.481404,regular_user,False,Germany,Android,2025-08-17 20:30:15.481404
user_00769,2025-07-11 21:01:18.481404,regular_user,True,Canada,Web,2025-09-25 22:56:57.481404
user_00770,2025-07-13 23:47:31.481404,churn_risk_user,False,US,Web,2025-10-06 03:22:40.481404
user_00771,2025-08-02 06:37:51.481404,casual_user,False,US,Android,2025-09-27 04:35:15.481404
user_00772,2025-08-24 15:15:15.481404,casual_user,False,UK,iOS,2025-10-02 09:53:58.481404
user_00773,2025-09-06 20:28:40.481404,regular_user,True,UK,Desktop,2025-09-17 19:05:10.481404
user_00774,2025-09-30 00:08:19.481404,regular_user,False,US,Android,2025-09-19 07:59:15.481404
user_00775,2025-09-22 02:48:58.481404,churn_risk_user,False,US,iOS,2025-10-01 01:26:53.481404
user_00776,2025-07-16 13:48:30.481404,power_user,True,Brazil,iOS,2025-09-12 14:33:30.481404
user_00777,2025-08-22 17:18:10.481404,regular_user,False,Germany,iOS,2025-08-26 09:38:36.481404
user_00778,2025-08-18 17:49:26.481404,regular_user,False,Canada,iOS,2025-09-13 03:31:03.481404
user_00779,2025-10-03 12:57:18.481404,casual_user,True,US,Web,2025-09-24 18:56:33.481404
user_00780,2025-09-08 15:33:57.481404,casual_user,True,US,iOS,2025-09-22 14:39:25.481404
user_00781,2025-09-03 09:31:00.481404,regular_user,True,US,Android,2025-10-07 05:22:44.481404
user_00782,2025-07-28 09:10:23.481404,casual_user,False,Australia,iOS,2025-09-23 13:14:50.481404
user_00783,2025-09-17 05:58:25.481404,churn_risk_user,False,France,Android,2025-08-19 01:26:35.481404
user_00784,2025-09-15 02:43:45.481404,churn_risk_user,False,US,Android,2025-07-11 18:42:06.481404
user_00785,2025-08-15 18:50:27.481404,casual_user,False,UK,iOS,2025-10-03 07:26:30.481404
user_00786,2025-08-26 12:05:19.481404,regular_user,False,Canada,Android,2025-09-13 23:09:42.481404
user_00787,2025-08-17 07:21:54.481404,regular_user,True,Japan,Android,2025-08-28 11:12:25.481404
user_00788,2025-08-02 04:37:52.481404,casual_user,False,Canada,iOS,2025-08-28 21:21:39.481404
user_00789,2025-07-23 19:58:21.481404,casual_user,False,UK,Android,2025-09-05 02:38:05.481404
user_00790,2025-09-11 04:49:56.481404,churn_risk_user,False,France,iOS,2025-09-02 14:27:13.481404
user_00791,2025-09-14 06:22:57.481404,regular_user,True,US,Android,2025-10-04 02:21:40.481404
user_00792,2025-07-10 01:01:36.481404,power_user,True,Brazil,iOS,2025-09-08 12:00:59.481404
user_00793,2025-10-04 04:09:16.481404,casual_user,False,Australia,iOS,2025-10-03 03:51:53.481404
user_00794,2025-09-20 09:58:49.481404,regular_user,True,US,iOS,2025-09-19 21:02:40.481404
user_00795,2025-10-01 01:04:41.481404,casual_user,False,France,Android,2025-09-26 07:53:34.481404
user_00796,2025-09-22 06:26:38.481404,power_user,True,US,iOS,2025-10-02 05:58:44.481404
user_00797,2025-10-03 11:23:23.481404,regular_user,False,US,iOS,2025-09-09 21:43:11.481404
user_00798,2025-07-19 20:28:22.481404,casual_user,False,US,Web,2025-09-10 03:33:41.481404
user_00799,2025-09-23 01:57:26.481404,churn_risk_user,False,US,Android,2025-09-04 18:54:39.481404
user_00800,2025-08-19 18:46:07.481404,churn_risk_user,False,US,iOS,2025-10-02 07:27:57.481404
user_00801,2025-07-30 18:02:35.481404,regular_user,False,US,Web,2025-09-26 06:54:10.481404
user_00802,2025-07-26 13:57:07.481404,casual_user,False,Japan,Android,2025-09-27 08:47:10.481404
user_00803,2025-09-25 13:49:05.481404,regular_user,False,US,Android,2025-08-31 23:24:47.481404
user_00804,2025-09-15 01:41:54.481404,regular_user,False,US,iOS,2025-09-26 15:31:43.481404
user_00805,2025-08-28 19:02:07.481404,regular_user,True,Germany,Android,2025-10-04 14:58:10.481404
user_00806,2025-08-23 14:35:09.481404,regular_user,True,US,iOS,2025-09-28 14:34:32.481404
user_00807,2025-07-14 09:07:25.481404,regular_user,False,US,iOS,2025-09-24 08:01:50.481404
user_00808,2025-09-01 14:57:21.481404,power_user,True,UK,Android,2025-10-04 22:39:44.481404
user_00809,2025-08-02 16:46:49.481404,regular_user,True,US,iOS,2025-09-29 03:26:52.481404
user_00810,2025-10-06 13:57:59.481404,regular_user,False,Canada,Android,2025-09-18 00:09:49.481404
user_00811,2025-09-29 20:52:24.481404,regular_user,False,UK,Android,2025-09-26 20:57:51.481404
user_00812,2025-07-21 06:53:32.481404,casual_user,False,UK,iOS,2025-09-24 10:30:36.481404
user_00813,2025-08-22 19:44:22.481404,casual_user,False,UK,iOS,2025-09-09 21:42:14.481404
user_00814,2025-07-22 10:48:32.481404,casual_user,False,US,iOS,2025-09-09 10:49:08.481404
user_00815,2025-09-25 07:32:32.481404,casual_user,False,US,Web,2025-08-05 16:47:28.481404
user_00816,2025-08-23 14:48:12.481404,regular_user,False,UK,iOS,2025-09-22 10:17:12.481404
user_00817,2025-09-12 07:40:30.481404,casual_user,True,UK,Android,2025-10-05 15:25:33.481404
user_00818,2025-08-30 01:44:00.481404,casual_user,False,US,iOS,2025-09-15 02:18:12.481404
user_00819,2025-09-01 18:29:48.481404,casual_user,False,France,Android,2025-09-08 00:24:35.481404
user_00820,2025-09-05 07:36:39.481404,casual_user,False,US,Android,2025-09-11 18:23:09.481404
user_00821,2025-08-09 07:27:51.481404,regular_user,True,Japan,Web,2025-09-27 21:00:24.481404
user_00822,2025-09-20 19:57:59.481404,regular_user,True,US,Android,2025-09-11 00:07:48.481404
user_00823,2025-10-04 01:16:45.481404,churn_risk_user,False,US,Web,2025-09-14 19:41:36.481404
user_00824,2025-08-21 11:22:37.481404,regular_user,False,,iOS,2025-09-24 13:58:01.481404
user_00825,2025-09-06 23:41:23.481404,casual_user,True,US,Android,2025-09-25 21:29:59.481404
user_00826,2025-09-26 15:12:33.481404,regular_user,False,Canada,iOS,2025-09-21 11:58:33.481404
user_00827,2025-09-17 08:08:10.481404,regular_user,True,US,iOS,2025-10-02 04:16:46.481404
user_00828,2025-10-04 02:39:51.481404,regular_user,False,Germany,Android,2025-09-26 18:29:13.481404
user_00829,2025-08-27 12:19:29.481404,casual_user,True,US,Android,2025-09-30 23:27:17.481404
user_00830,2025-08-19 22:29:03.481404,regular_user,True,France,Android,2025-09-08 16:01:43.481404
user_00831,2025-09-28 03:28:22.481404,regular_user,True,Germany,Android,2025-10-05 13:39:01.481404
user_00832,2025-10-05 13:13:51.481404,casual_user,False,France,Android,2025-10-04 19:59:21.481404
user_00833,2025-08-31 16:44:26.481404,power_user,True,Canada,Android,2025-10-02 00:21:14.481404
user_00834,2025-08-21 19:09:37.481404,regular_user,True,Japan,Android,2025-09-12 21:54:55.481404
user_00835,2025-10-04 14:45:10.481404,churn_risk_user,False,Canada,Android,2025-09-22 10:49:21.481404
user_00836,2025-07-24 22:58:16.481404,casual_user,False,Canada,iOS,2025-10-07 11:50:41.481404
user_00837,2025-09-19 16:56:56.481404,regular_user,False,US,iOS,2025-09-03 13:21:59.481404
user_00838,2025-10-01 03:32:06.481404,regular_user,True,US,iOS,2025-09-24 13:40:59.481404
user_00839,2025-08-24 14:10:40.481404,churn_risk_user,False,US,iOS,2025-09-07 20:54:40.481404
user_00840,2025-08-22 04:50:41.481404,casual_user,False,France,Android,
user_00841,2025-08-03 16:03:59.481404,casual_user,False,Australia,iOS,2025-09-30 04:03:48.481404
user_00842,2025-09-20 11:52:23.481404,churn_risk_user,False,US,iOS,2025-10-04 07:37:49.481404
user_00843,2025-08-02 12:13:00.481404,regular_user,False,US,Android,2025-09-23 04:42:19.481404
user_00844,2025-09-29 01:07:43.481404,regular_user,False,France,Android,2025-10-02 23:31:42.481404
user_00845,2025-09-09 09:57:54.481404,casual_user,False,US,Android,2025-09-08 01:20:50.481404
user_00846,2025-08-05 10:17:19.481404,regular_user,False,US,iOS,2025-10-05 05:55:05.481404
user_00847,2025-09-21 20:34:53.481404,power_user,False,US,Android,2025-10-02 16:58:06.481404
user_00848,2025-09-23 00:13:12.481404,power_user,True,US,Web,2025-09-30 23:29:50.481404
user_00849,2025-08-29 02:49:22.481404,casual_user,False,Brazil,Desktop,2025-09-29 07:33:22.481404
user_00850,2025-08-25 13:17:57.481404,casual_user,False,US,Android,2025-09-30 09:48:19.481404
user_00851,2025-09-08 08:32:09.481404,power_user,True,,iOS,2025-10-05 23:26:40.481404
user_00852,2025-08-01 17:35:22.481404,casual_user,False,Japan,Desktop,2025-09-19 19:40:07.481404
user_00853,2025-08-05 03:57:53.481404,regular_user,True,UK,iOS,2025-09-05 20:03:09.481404
user_00854,2025-08-21 05:05:01.481404,power_user,True,France,Android,2025-09-07 21:44:12.481404
user_00855,2025-07-17 00:39:20.481404,regular_user,False,US,iOS,2025-09-10 03:10:16.481404
user_00856,2025-09-16 18:47:11.481404,casual_user,False,Germany,iOS,2025-10-02 06:07:46.481404
user_00857,2025-08-06 05:54:04.481404,casual_user,False,Canada,Android,2025-09-26 04:37:40.481404
user_00858,2025-08-01 06:30:57.481404,casual_user,False,Canada,Desktop,2025-09-04 11:55:13.481404
user_00859,2025-08-04 21:14:54.481404,casual_user,False,Germany,iOS,2025-08-30 12:30:30.481404
user_00860,2025-08-11 02:41:16.481404,regular_user,False,Brazil,Web,2025-09-16 21:44:16.481404
user_00861,2025-08-09 13:05:01.481404,regular_user,False,US,Desktop,2025-08-02 19:48:09.481404
user_00862,2025-10-04 05:00:35.481404,churn_risk_user,False,France,Android,2025-10-02 01:42:37.481404
user_00863,2025-08-30 22:45:08.481404,regular_user,True,UK,Android,2025-10-04 23:56:54.481404
user_00864,2025-07-17 07:51:57.481404,casual_user,False,Brazil,iOS,2025-09-21 12:11:44.481404
user_00865,2025-07-22 22:32:28.481404,regular_user,False,Australia,Android,2025-09-01 13:16:52.481404
user_00866,2025-07-24 03:34:02.481404,regular_user,True,Canada,Android,2025-08-17 23:17:31.481404
user_00867,2025-07-31 22:59:04.481404,regular_user,False,UK,Android,2025-09-30 04:19:44.481404
user_00868,2025-08-15 16:38:35.481404,casual_user,False,US,Android,2025-09-16 17:51:59.481404
user_00869,2025-09-14 21:07:35.481404,casual_user,False,France,Android,2025-09-29 16:41:14.481404
user_00870,2025-07-24 08:10:06.481404,churn_risk_user,False,UK,iOS,2025-10-01 15:51:57.481404
user_00871,2025-09-16 02:10:56.481404,regular_user,False,US,Web,2025-10-06 04:11:56.481404
user_00872,2025-07-30 06:39:09.481404,regular_user,False,US,iOS,2025-09-23 12:31:39.481404
user_00873,2025-07-15 17:46:13.481404,power_user,True,US,Android,2025-09-02 23:33:27.481404
user_00874,2025-08-18 18:49:07.481404,casual_user,False,Australia,iOS,2025-09-25 12:47:38.481404
user_00875,2025-08-18 01:52:54.481404,casual_user,False,US,Android,2025-09-23 15:22:21.481404
user_00876,2025-08-10 15:06:57.481404,regular_user,False,,iOS,2025-10-03 16:13:01.481404
user_00877,2025-08-31 04:28:55.481404,casual_user,False,,Android,2025-10-07 06:50:45.481404
user_00878,2025-08-23 17:47:19.481404,casual_user,True,US,iOS,2025-09-25 19:23:17.481404
user_00879,2025-08-18 20:55:50.481404,churn_risk_user,False,Japan,Web,2025-09-29 23:25:08.481404
user_00880,2025-07-15 13:11:45.481404,power_user,True,US,iOS,2025-09-20 09:32:22.481404
user_00881,2025-07-29 14:03:55.481404,regular_user,False,US,iOS,2025-08-22 14:11:33.481404
user_00882,2025-09-28 08:53:00.481404,regular_user,True,,Android,2025-10-01 23:56:42.481404
user_00883,2025-08-19 07:06:42.481404,churn_risk_user,False,US,Android,2025-10-01 22:07:13.481404
user_00884,2025-08-16 07:39:11.481404,regular_user,True,US,iOS,2025-09-21 09:51:49.481404
user_00885,2025-10-05 08:31:58.481404,regular_user,True,Australia,iOS,2025-10-05 02:21:24.481404
user_00886,2025-09-22 05:51:37.481404,regular_user,False,US,iOS,2025-08-26 01:38:59.481404
user_00887,2025-09-04 05:06:36.481404,casual_user,False,US,Android,2025-09-22 20:28:27.481404
user_00888,2025-09-15 00:47:32.481404,regular_user,False,France,iOS,2025-09-29 10:15:35.481404
user_00889,2025-07-11 09:37:08.481404,regular_user,False,US,Android,2025-09-28 08:29:51.481404
user_00890,2025-09-30 16:26:12.481404,regular_user,False,US,Android,2025-09-29 18:29:58.481404
user_00891,2025-10-03 00:11:06.481404,regular_user,False,US,iOS,2025-10-06 00:34:18.481404
user_00892,2025-09-21 20:04:15.481404,regular_user,False,Canada,Android,2025-09-30 10:46:45.481404
user_00893,2025-09-03 09:33:43.481404,casual_user,False,US,Android,2025-09-29 00:28:04.481404
user_00894,2025-08-15 10:27:30.481404,casual_user,False,Japan,iOS,2025-09-26 22:35:59.481404
user_00895,2025-08-24 19:32:59.481404,regular_user,False,Germany,Android,2025-10-03 04:35:03.481404
user_00896,2025-07-10 01:50:42.481404,regular_user,False,US,Web,2025-09-15 18:48:45.481404
user_00897,2025-08-12 15:45:49.481404,regular_user,True,UK,Android,2025-09-17 21:40:04.481404
user_00898,2025-08-07 11:55:27.481404,power_user,True,,iOS,2025-09-24 03:15:20.481404
user_00899,2025-09-20 15:49:50.481404,regular_user,False,UK,Android,2025-10-04 00:12:41.481404
user_00900,2025-08-16 08:50:28.481404,regular_user,False,US,Android,2025-10-05 16:54:03.481404
user_00901,2025-09-30 08:47:03.481404,power_user,True,US,iOS,2025-08-26 04:46:22.481404
user_00902,2025-10-04 01:46:54.481404,regular_user,True,France,iOS,2025-10-03 06:56:26.481404
user_00903,2025-09-28 15:29:43.481404,churn_risk_user,False,Canada,iOS,2025-09-09 21:09:00.481404
user_00904,2025-08-19 04:29:48.481404,regular_user,False,US,iOS,2025-10-07 05:41:40.481404
user_00905,2025-08-30 18:15:04.481404,regular_user,False,France,iOS,2025-09-24 04:56:35.481404
user_00906,2025-09-20 01:56:38.481404,casual_user,False,US,Web,2025-09-24 21:52:44.481404
user_00907,2025-09-18 19:55:40.481404,regular_user,True,US,Web,2025-08-28 02:47:01.481404
user_00908,2025-08-31 12:41:12.481404,casual_user,False,Germany,iOS,2025-08-11 02:36:33.481404
user_00909,2025-09-25 03:56:03.481404,regular_user,True,US,Android,2025-09-27 05:24:45.481404
user_00910,2025-09-06 01:47:12.481404,churn_risk_user,True,US,iOS,2025-08-25 10:31:13.481404
user_00911,2025-10-04 16:09:30.481404,regular_user,False,UK,Android,2025-09-09 08:31:56.481404
user_00912,2025-07-30 21:59:55.481404,casual_user,False,UK,iOS,2025-09-24 20:28:57.481404
user_00913,2025-08-25 21:45:48.481404,regular_user,False,Germany,iOS,2025-09-08 05:04:06.481404
user_00914,2025-07-30 19:23:45.481404,casual_user,False,US,iOS,2025-09-04 23:06:03.481404
user_00915,2025-08-05 00:05:30.481404,regular_user,False,Canada,Web,2025-08-28 13:28:18.481404
user_00916,2025-08-20 19:40:40.481404,regular_user,False,US,iOS,2025-09-26 00:12:04.481404
user_00917,2025-08-25 15:44:03.481404,regular_user,False,France,iOS,2025-08-26 13:25:55.481404
user_00918,2025-07-12 07:44:20.481404,power_user,True,US,iOS,2025-08-06 15:46:09.481404
user_00919,2025-08-16 06:12:33.481404,casual_user,False,Canada,iOS,2025-08-17 21:06:02.481404
user_00920,2025-08-11 03:20:41.481404,regular_user,True,France,iOS,2025-10-03 01:10:19.481404
user_00921,2025-09-12 10:41:41.481404,casual_user,False,Germany,iOS,2025-10-05 15:07:21.481404
user_00922,2025-09-13 10:37:18.481404,casual_user,False,Brazil,iOS,2025-09-05 08:45:43.481404
user_00923,2025-09-24 23:54:46.481404,power_user,True,France,Android,2025-10-04 00:31:42.481404
user_00924,2025-08-17 18:13:57.481404,casual_user,False,US,iOS,2025-10-06 23:30:12.481404
user_00925,2025-09-17 19:34:16.481404,churn_risk_user,False,Brazil,iOS,2025-09-30 09:56:49.481404
user_00926,2025-07-25 12:41:18.481404,casual_user,False,US,Android,2025-10-05 04:11:50.481404
user_00927,2025-09-29 02:37:35.481404,churn_risk_user,False,Germany,iOS,2025-09-28 08:57:33.481404
user_00928,2025-08-23 21:12:15.481404,regular_user,False,US,Android,2025-08-27 14:17:26.481404
user_00929,2025-10-06 18:47:37.481404,casual_user,False,,iOS,2025-09-25 07:59:27.481404
user_00930,2025-07-21 21:30:02.481404,regular_user,True,UK,iOS,2025-09-22 03:28:55.481404
user_00931,2025-09-07 22:04:12.481404,regular_user,False,Brazil,iOS,2025-10-01 05:22:08.481404
user_00932,2025-08-30 08:42:16.481404,regular_user,False,US,iOS,2025-08-25 23:15:11.481404
user_00933,2025-07-12 02:56:33.481404,regular_user,False,US,Desktop,2025-09-28 05:29:10.481404
user_00934,2025-10-05 13:24:13.481404,regular_user,False,US,Android,2025-10-01 20:27:33.481404
user_00935,2025-08-16 18:14:24.481404,casual_user,False,Germany,Android,2025-09-28 21:36:26.481404
user_00936,2025-09-04 23:18:59.481404,churn_risk_user,False,Germany,iOS,2025-09-16 19:57:43.481404
user_00937,2025-09-02 07:14:06.481404,power_user,True,Australia,iOS,2025-10-03 09:13:57.481404
user_00938,2025-09-11 21:00:28.481404,regular_user,False,Japan,Web,2025-09-28 05:26:06.481404
user_00939,2025-07-12 03:15:31.481404,regular_user,False,US,iOS,2025-08-29 10:34:37.481404
user_00940,2025-07-17 15:43:05.481404,regular_user,True,UK,Android,2025-09-28 01:55:27.481404
user_00941,2025-09-09 21:49:17.481404,power_user,True,UK,iOS,2025-10-02 02:50:13.481404
user_00942,2025-08-20 02:50:47.481404,regular_user,True,Canada,iOS,2025-09-27 06:08:07.481404
user_00943,2025-07-22 16:18:32.481404,regular_user,True,UK,Web,2025-08-22 13:39:20.481404
user_00944,2025-10-01 16:00:59.481404,regular_user,False,Australia,Web,2025-08-25 03:42:26.481404
user_00945,2025-08-23 07:56:30.481404,casual_user,False,Australia,Web,2025-09-16 10:29:55.481404
user_00946,2025-07-27 03:33:56.481404,regular_user,True,US,Android,2025-10-04 10:07:00.481404
user_00947,2025-07-14 09:16:41.481404,casual_user,False,Canada,Android,2025-09-22 09:40:48.481404
user_00948,2025-08-03 18:18:52.481404,power_user,False,US,iOS,2025-09-25 11:03:41.481404
user_00949,2025-08-15 07:28:56.481404,regular_user,False,US,Android,2025-09-03 00:12:30.481404
user_00950,2025-08-10 06:53:36.481404,regular_user,True,US,Android,2025-10-05 11:02:54.481404
user_00951,2025-07-30 01:18:38.481404,regular_user,False,France,Desktop,2025-10-01 17:51:36.481404
user_00952,2025-08-22 15:37:57.481404,regular_user,False,UK,iOS,2025-08-08 19:18:10.481404
user_00953,2025-08-10 05:42:44.481404,power_user,True,Australia,Android,2025-08-23 11:14:13.481404
user_00954,2025-08-11 06:32:22.481404,regular_user,False,US,Android,2025-10-05 02:58:51.481404
user_00955,2025-09-21 09:54:00.481404,regular_user,False,France,Android,2025-09-05 22:30:52.481404
user_00956,2025-10-02 21:48:58.481404,regular_user,True,France,iOS,2025-10-02 14:56:15.481404
user_00957,2025-08-15 07:32:04.481404,regular_user,True,UK,Android,2025-10-06 03:36:38.481404
user_00958,2025-08-05 12:29:28.481404,casual_user,False,US,Android,2025-09-25 13:27:57.481404
user_00959,2025-09-20 12:24:58.481404,casual_user,False,UK,iOS,2025-09-21 23:40:03.481404
user_00960,2025-09-28 06:37:49.481404,churn_risk_user,False,Brazil,Android,2025-10-04 07:55:00.481404
user_00961,2025-08-19 10:25:25.481404,regular_user,True,UK,iOS,2025-10-07 07:57:42.481404
user_00962,2025-08-02 23:56:29.481404,regular_user,False,,Android,2025-10-04 23:46:29.481404
user_00963,2025-09-28 13:35:23.481404,casual_user,True,UK,iOS,2025-09-14 22:30:40.481404
user_00964,2025-07-17 10:57:42.481404,casual_user,False,Australia,iOS,2025-10-03 05:59:57.481404
user_00965,2025-08-24 04:00:02.481404,regular_user,False,UK,Android,2025-08-24 17:41:03.481404
user_00966,2025-07-11 09:16:21.481404,casual_user,False,US,iOS,2025-09-18 07:59:04.481404
user_00967,2025-09-20 05:27:33.481404,power_user,True,UK,Android,2025-09-11 13:40:26.481404
user_00968,2025-08-30 21:02:37.481404,casual_user,True,US,iOS,2025-09-30 18:51:00.481404
user_00969,2025-07-14 13:28:28.481404,regular_user,False,US,iOS,2025-09-20 08:40:56.481404
user_00970,2025-08-12 11:34:23.481404,regular_user,False,Canada,iOS,2025-09-19 22:57:35.481404
user_00971,2025-07-31 06:34:54.481404,regular_user,False,,iOS,2025-10-04 13:15:12.481404
user_00972,2025-09-10 15:03:06.481404,casual_user,False,Brazil,Android,2025-09-24 03:25:07.481404
user_00973,2025-07-16 03:59:55.481404,casual_user,False,Germany,Android,2025-09-30 17:31:14.481404
user_00974,2025-09-23 08:30:40.481404,casual_user,False,Germany,Android,2025-09-20 00:17:58.481404
user_00975,2025-09-10 18:48:17.481404,power_user,False,UK,Android,2025-09-10 04:12:00.481404
user_00976,2025-07-13 09:54:52.481404,regular_user,True,Brazil,iOS,2025-10-04 03:43:16.481404
user_00977,2025-09-20 17:35:49.481404,casual_user,False,UK,iOS,2025-09-29 16:36:12.481404
user_00978,2025-07-12 12:24:41.481404,regular_user,True,US,iOS,2025-09-14 10:32:05.481404
user_00979,2025-08-02 12:19:05.481404,power_user,False,,iOS,2025-10-05 06:00:04.481404
user_00980,2025-07-28 20:39:01.481404,casual_user,False,Australia,Android,2025-09-29 11:27:35.481404
user_00981,2025-09-28 23:39:04.481404,churn_risk_user,False,France,iOS,2025-08-10 05:44:13.481404
user_00982,2025-07-11 11:35:42.481404,churn_risk_user,True,Canada,Android,2025-09-10 07:54:56.481404
user_00983,2025-09-07 19:55:24.481404,casual_user,False,Brazil,iOS,2025-10-05 18:07:02.481404
user_00984,2025-07-24 07:10:58.481404,casual_user,False,US,Android,2025-09-23 01:45:53.481404
user_00985,2025-08-01 15:57:23.481404,regular_user,True,US,iOS,
user_00986,2025-07-21 18:13:21.481404,casual_user,False,US,iOS,2025-09-30 17:00:05.481404
user_00987,2025-08-24 11:35:01.481404,power_user,True,Australia,Android,2025-09-07 03:07:11.481404
user_00988,2025-09-12 12:03:30.481404,regular_user,True,US,Android,2025-10-05 12:11:16.481404
user_00989,2025-07-20 14:39:11.481404,churn_risk_user,False,US,Web,2025-09-26 00:24:11.481404
user_00990,2025-09-02 06:15:02.481404,churn_risk_user,False,US,iOS,2025-09-30 15:07:34.481404
user_00991,2025-07-30 16:00:02.481404,regular_user,True,US,Android,2025-10-06 22:07:06.481404
user_00992,2025-08-23 15:42:50.481404,power_user,True,US,iOS,2025-10-06 00:41:08.481404
user_00993,2025-09-15 09:58:40.481404,regular_user,True,,Android,2025-09-22 00:54:40.481404
user_00994,2025-08-03 09:11:50.481404,regular_user,False,US,Web,2025-10-02 11:58:53.481404
user_00995,2025-09-21 23:06:30.481404,regular_user,False,US,iOS,2025-09-25 18:43:20.481404
user_00996,2025-08-14 07:41:40.481404,casual_user,False,US,iOS,2025-09-29 19:46:13.481404
user_00997,2025-07-25 19:05:00.481404,casual_user,False,US,Android,2025-07-26 12:47:23.481404
user_00998,2025-09-06 07:56:19.481404,regular_user,False,US,iOS,2025-09-01 17:09:04.481404
user_00999,2025-09-06 11:05:44.481404,casual_user,True,UK,iOS,2025-09-04 20:07:08.481404
user_01000,2025-09-20 02:53:58.481404,regular_user,True,UK,iOS,2025-09-22 06:36:10.481404
