user_id,registration_date,user_type,is_premium,last_active_date
user_00001,2025-06-27 20:55:15.195277,casual_user,True,2025-09-06 20:55:15.195277
user_00002,2025-04-02 20:55:15.196372,regular_user,False,2025-06-27 20:55:15.196372
user_00003,2024-11-11 20:55:15.196372,regular_user,False,2024-12-04 20:55:15.196372
user_00004,2025-05-30 20:55:15.196372,power_user,False,2025-06-28 20:55:15.196372
user_00005,2024-12-18 20:55:15.196372,power_user,False,2025-01-19 20:55:15.196372
user_00006,2024-11-28 20:55:15.196372,regular_user,False,2025-01-15 20:55:15.196372
user_00007,2025-08-10 20:55:15.196372,regular_user,True,2025-10-08 20:55:15.196372
user_00008,2025-01-10 20:55:15.196372,regular_user,False,2025-03-01 20:55:15.196372
user_00009,2024-10-09 20:55:15.197387,regular_user,False,2024-10-11 20:55:15.197387
user_00010,2024-12-05 20:55:15.197387,casual_user,False,2024-12-22 20:55:15.197387
user_00011,2025-07-11 20:55:15.197387,churn_risk_user,False,2025-07-19 20:55:15.197387
user_00012,2024-10-27 20:55:15.197387,power_user,False,2024-12-25 20:55:15.197387
user_00013,2025-01-17 20:55:15.197387,power_user,False,2025-02-21 20:55:15.197387
user_00014,2025-08-19 20:55:15.197387,casual_user,False,2025-08-24 20:55:15.197387
user_00015,2025-08-15 20:55:15.197387,regular_user,True,2025-10-16 20:55:15.197387
user_00016,2025-03-04 20:55:15.197387,regular_user,False,2025-03-17 20:55:15.197387
user_00017,2024-10-22 20:55:15.197387,churn_risk_user,True,2025-01-16 20:55:15.197387
user_00018,2025-01-29 20:55:15.197387,power_user,False,2025-04-18 20:55:15.197387
user_00019,2025-02-13 20:55:15.197387,regular_user,False,2025-03-10 20:55:15.197387
user_00020,2025-03-05 20:55:15.197387,regular_user,False,2025-04-14 20:55:15.197387
user_00021,2025-05-04 20:55:15.197387,casual_user,True,2025-07-13 20:55:15.197387
user_00022,2025-09-29 20:55:15.198386,casual_user,True,2025-12-25 20:55:15.198386
user_00023,2025-08-06 20:55:15.198386,casual_user,False,2025-09-09 20:55:15.198386
user_00024,2024-12-23 20:55:15.198386,casual_user,False,2025-02-01 20:55:15.198386
user_00025,2025-09-10 20:55:15.198386,casual_user,False,2025-10-13 20:55:15.198386
user_00026,2025-09-05 20:55:15.198386,power_user,False,2025-12-01 20:55:15.198386
user_00027,2024-12-19 20:55:15.198386,casual_user,False,2025-01-22 20:55:15.198386
user_00028,2025-02-23 20:55:15.198386,power_user,False,2025-02-23 20:55:15.198386
user_00029,2025-10-03 20:55:15.198386,regular_user,False,2025-10-29 20:55:15.198386
user_00030,2025-03-15 20:55:15.198386,regular_user,True,2025-05-30 20:55:15.198386
user_00031,2025-04-12 20:55:15.198386,power_user,False,2025-06-02 20:55:15.198386
user_00032,2025-07-04 20:55:15.198386,casual_user,True,2025-07-18 20:55:15.198386
user_00033,2025-04-20 20:55:15.198386,regular_user,False,2025-06-29 20:55:15.198386
user_00034,2025-04-04 20:55:15.198386,casual_user,False,2025-05-15 20:55:15.198386
user_00035,2025-08-24 20:55:15.199385,regular_user,True,2025-09-20 20:55:15.199385
user_00036,2025-09-10 20:55:15.199385,regular_user,False,2025-11-10 20:55:15.199385
user_00037,2024-11-11 20:55:15.199385,regular_user,True,2025-02-07 20:55:15.199385
user_00038,2025-02-19 20:55:15.199385,churn_risk_user,True,2025-03-17 20:55:15.199385
user_00039,2025-06-09 20:55:15.199385,casual_user,False,2025-08-17 20:55:15.199385
user_00040,2025-05-24 20:55:15.199385,regular_user,False,2025-07-06 20:55:15.199385
user_00041,2025-05-09 20:55:15.199385,churn_risk_user,False,2025-08-04 20:55:15.199385
user_00042,2025-02-17 20:55:15.199385,regular_user,True,2025-04-15 20:55:15.199385
user_00043,2025-08-17 20:55:15.199385,regular_user,False,2025-08-19 20:55:15.199385
user_00044,2025-06-17 20:55:15.199385,power_user,False,2025-08-14 20:55:15.199385
user_00045,2025-06-17 20:55:15.199385,churn_risk_user,False,2025-09-11 20:55:15.199385
user_00046,2025-02-26 20:55:15.199385,churn_risk_user,True,2025-02-27 20:55:15.199385
user_00047,2025-08-16 20:55:15.199385,regular_user,False,2025-09-16 20:55:15.199385
user_00048,2025-02-03 20:55:15.199385,casual_user,False,2025-02-19 20:55:15.199385
user_00049,2025-01-26 20:55:15.200385,casual_user,False,2025-04-05 20:55:15.200385
user_00050,2025-02-10 20:55:15.200385,casual_user,True,2025-04-09 20:55:15.200385
user_00051,2024-11-16 20:55:15.200385,casual_user,False,2025-01-13 20:55:15.200385
user_00052,2024-10-27 20:55:15.200385,regular_user,True,2025-01-05 20:55:15.200385
user_00053,2024-12-04 20:55:15.200385,churn_risk_user,False,2025-01-11 20:55:15.200385
user_00054,2024-11-04 20:55:15.200385,casual_user,False,2024-12-30 20:55:15.200385
user_00055,2025-05-10 20:55:15.200385,regular_user,False,2025-05-16 20:55:15.200385
user_00056,2025-01-29 20:55:15.200385,regular_user,False,2025-03-29 20:55:15.200385
user_00057,2025-10-06 20:55:15.200385,churn_risk_user,False,2025-12-13 20:55:15.200385
user_00058,2025-09-01 20:55:15.200385,casual_user,True,2025-09-19 20:55:15.200385
user_00059,2024-12-08 20:55:15.200385,casual_user,False,2025-01-30 20:55:15.200385
user_00060,2025-06-10 20:55:15.200385,casual_user,False,2025-08-20 20:55:15.200385
user_00061,2025-06-26 20:55:15.200385,casual_user,True,2025-09-22 20:55:15.200385
user_00062,2025-07-01 20:55:15.201386,churn_risk_user,True,2025-09-20 20:55:15.201386
user_00063,2025-03-28 20:55:15.201386,casual_user,False,2025-05-07 20:55:15.201386
user_00064,2025-04-30 20:55:15.201386,power_user,False,2025-06-16 20:55:15.201386
user_00065,2025-05-26 20:55:15.201386,casual_user,False,2025-07-12 20:55:15.201386
user_00066,2025-09-16 20:55:15.201386,regular_user,False,2025-11-05 20:55:15.201386
user_00067,2025-01-17 20:55:15.201386,casual_user,False,2025-02-15 20:55:15.201386
user_00068,2025-07-03 20:55:15.201386,regular_user,False,2025-09-09 20:55:15.201386
user_00069,2024-11-25 20:55:15.201386,regular_user,False,2025-01-27 20:55:15.201386
user_00070,2025-08-20 20:55:15.201386,power_user,False,2025-09-18 20:55:15.201386
user_00071,2025-08-23 20:55:15.201386,churn_risk_user,False,2025-09-28 20:55:15.201386
user_00072,2025-01-01 20:55:15.201386,regular_user,False,2025-03-01 20:55:15.201386
user_00073,2025-06-14 20:55:15.201386,regular_user,False,2025-09-08 20:55:15.201386
user_00074,2025-04-30 20:55:15.201386,regular_user,True,2025-05-24 20:55:15.201386
user_00075,2025-02-27 20:55:15.201386,casual_user,False,2025-04-13 20:55:15.201386
user_00076,2025-01-01 20:55:15.202385,regular_user,False,2025-01-23 20:55:15.202385
user_00077,2025-06-03 20:55:15.202385,regular_user,False,2025-06-19 20:55:15.202385
user_00078,2025-06-26 20:55:15.202385,casual_user,False,2025-08-12 20:55:15.202385
user_00079,2025-08-30 20:55:15.202385,regular_user,False,2025-10-18 20:55:15.202385
user_00080,2025-09-25 20:55:15.202385,power_user,True,2025-10-30 20:55:15.202385
user_00081,2025-04-18 20:55:15.202385,regular_user,True,2025-05-03 20:55:15.202385
user_00082,2025-05-19 20:55:15.202385,casual_user,False,2025-07-23 20:55:15.202385
user_00083,2024-12-24 20:55:15.202385,regular_user,True,2025-01-17 20:55:15.202385
user_00084,2025-04-05 20:55:15.202385,regular_user,True,2025-06-01 20:55:15.202385
user_00085,2025-08-11 20:55:15.202385,power_user,True,2025-10-19 20:55:15.202385
user_00086,2025-01-10 20:55:15.202385,regular_user,True,2025-01-17 20:55:15.202385
user_00087,2025-08-16 20:55:15.202385,regular_user,False,2025-10-22 20:55:15.202385
user_00088,2025-01-19 20:55:15.202385,power_user,False,2025-03-06 20:55:15.202385
user_00089,2024-10-18 20:55:15.203385,casual_user,False,2024-10-30 20:55:15.203385
user_00090,2025-06-06 20:55:15.203385,casual_user,True,2025-08-07 20:55:15.203385
user_00091,2025-01-06 20:55:15.203385,regular_user,True,2025-04-05 20:55:15.203385
user_00092,2025-06-13 20:55:15.203385,power_user,False,2025-06-24 20:55:15.203385
user_00093,2025-06-01 20:55:15.203385,regular_user,True,2025-07-04 20:55:15.203385
user_00094,2025-07-04 20:55:15.203385,regular_user,False,2025-07-04 20:55:15.203385
user_00095,2025-01-09 20:55:15.203385,regular_user,False,2025-03-18 20:55:15.203385
user_00096,2025-01-03 20:55:15.203385,casual_user,True,2025-01-28 20:55:15.203385
user_00097,2025-05-17 20:55:15.203385,regular_user,True,2025-06-14 20:55:15.203385
user_00098,2025-03-02 20:55:15.203385,power_user,True,2025-05-02 20:55:15.203385
user_00099,2025-03-18 20:55:15.203385,power_user,False,2025-06-10 20:55:15.203385
user_00100,2025-08-30 20:55:15.203385,regular_user,False,2025-09-21 20:55:15.203385
user_00101,2025-01-31 20:55:15.203385,casual_user,False,2025-03-05 20:55:15.203385
user_00102,2025-04-11 20:55:15.203385,regular_user,False,2025-06-07 20:55:15.203385
user_00103,2025-07-04 20:55:15.204385,casual_user,False,2025-07-07 20:55:15.204385
user_00104,2025-09-22 20:55:15.204385,power_user,False,2025-10-23 20:55:15.204385
user_00105,2024-11-02 20:55:15.204385,regular_user,False,2024-12-04 20:55:15.204385
user_00106,2025-04-12 20:55:15.204385,casual_user,False,2025-06-15 20:55:15.204385
user_00107,2025-04-23 20:55:15.204385,churn_risk_user,True,2025-05-05 20:55:15.204385
user_00108,2025-09-26 20:55:15.205390,power_user,True,2025-10-30 20:55:15.205390
user_00109,2025-03-07 20:55:15.205390,power_user,False,2025-04-01 20:55:15.205390
user_00110,2025-07-10 20:55:15.205390,regular_user,True,2025-07-16 20:55:15.205390
user_00111,2025-03-26 20:55:15.205390,casual_user,False,2025-06-08 20:55:15.205390
user_00112,2025-03-05 20:55:15.205390,casual_user,True,2025-03-14 20:55:15.205390
user_00113,2024-10-16 20:55:15.205390,casual_user,False,2024-12-03 20:55:15.205390
user_00114,2025-07-01 20:55:15.206395,regular_user,False,2025-07-24 20:55:15.206395
user_00115,2025-05-10 20:55:15.206395,churn_risk_user,False,2025-07-03 20:55:15.206395
user_00116,2025-09-25 20:55:15.206395,casual_user,True,2025-10-24 20:55:15.206395
user_00117,2025-01-08 20:55:15.206395,regular_user,False,2025-04-06 20:55:15.206395
user_00118,2024-10-31 20:55:15.206395,regular_user,True,2024-11-11 20:55:15.206395
user_00119,2025-02-17 20:55:15.206395,casual_user,False,2025-03-16 20:55:15.206395
user_00120,2025-03-16 20:55:15.207394,casual_user,False,2025-03-31 20:55:15.207394
user_00121,2025-07-31 20:55:15.207394,regular_user,False,2025-10-23 20:55:15.207394
user_00122,2025-08-16 20:55:15.207394,casual_user,False,2025-10-07 20:55:15.207394
user_00123,2025-08-27 20:55:15.207394,churn_risk_user,False,2025-08-31 20:55:15.207394
user_00124,2025-04-28 20:55:15.207394,casual_user,False,2025-05-15 20:55:15.207394
user_00125,2025-02-11 20:55:15.208401,power_user,False,2025-02-27 20:55:15.208401
user_00126,2025-01-28 20:55:15.208401,casual_user,False,2025-03-08 20:55:15.208401
user_00127,2025-04-21 20:55:15.208401,regular_user,False,2025-06-25 20:55:15.208401
user_00128,2025-10-03 20:55:15.208401,regular_user,True,2025-10-10 20:55:15.208401
user_00129,2024-11-21 20:55:15.209400,casual_user,True,2025-01-30 20:55:15.209400
user_00130,2025-03-05 20:55:15.209400,regular_user,False,2025-04-04 20:55:15.209400
user_00131,2025-01-06 20:55:15.209400,casual_user,False,2025-03-20 20:55:15.209400
user_00132,2024-10-27 20:55:15.209400,regular_user,False,2024-12-10 20:55:15.209400
user_00133,2025-05-20 20:55:15.209400,regular_user,False,2025-06-08 20:55:15.209400
user_00134,2024-11-25 20:55:15.210407,casual_user,False,2024-11-27 20:55:15.210407
user_00135,2024-10-25 20:55:15.210407,churn_risk_user,False,2024-11-18 20:55:15.210407
user_00136,2024-11-30 20:55:15.210407,regular_user,False,2025-01-26 20:55:15.210407
user_00137,2025-08-25 20:55:15.210407,churn_risk_user,False,2025-10-10 20:55:15.210407
user_00138,2025-05-12 20:55:15.210407,power_user,False,2025-06-16 20:55:15.210407
user_00139,2025-02-23 20:55:15.211400,casual_user,True,2025-04-10 20:55:15.211400
user_00140,2025-02-17 20:55:15.211400,regular_user,True,2025-02-17 20:55:15.211400
user_00141,2025-08-15 20:55:15.211400,regular_user,False,2025-10-10 20:55:15.211400
user_00142,2025-09-26 20:55:15.211400,churn_risk_user,True,2025-12-10 20:55:15.211400
user_00143,2025-05-05 20:55:15.211400,regular_user,True,2025-06-09 20:55:15.211400
user_00144,2025-07-10 20:55:15.212397,regular_user,True,2025-08-06 20:55:15.212397
user_00145,2025-03-02 20:55:15.212397,regular_user,True,2025-03-28 20:55:15.212397
user_00146,2025-05-16 20:55:15.212397,regular_user,False,2025-07-31 20:55:15.212397
user_00147,2025-03-02 20:55:15.212397,regular_user,True,2025-04-05 20:55:15.212397
user_00148,2025-01-28 20:55:15.212397,churn_risk_user,False,2025-04-06 20:55:15.212397
user_00149,2024-12-09 20:55:15.212397,churn_risk_user,True,2025-01-07 20:55:15.212397
user_00150,2025-02-08 20:55:15.212397,regular_user,True,2025-03-12 20:55:15.212397
user_00151,2025-08-04 20:55:15.213395,regular_user,False,2025-08-14 20:55:15.213395
user_00152,2024-11-01 20:55:15.213395,casual_user,False,2024-12-29 20:55:15.213395
user_00153,2024-12-29 20:55:15.213395,regular_user,True,2024-12-29 20:55:15.213395
user_00154,2024-12-01 20:55:15.213395,casual_user,False,2024-12-05 20:55:15.213395
user_00155,2024-10-15 20:55:15.213395,churn_risk_user,False,2024-12-06 20:55:15.213395
user_00156,2025-04-26 20:55:15.213395,casual_user,False,2025-07-19 20:55:15.213395
user_00157,2025-07-22 20:55:15.214395,regular_user,True,2025-09-04 20:55:15.214395
user_00158,2025-03-17 20:55:15.214395,regular_user,False,2025-04-17 20:55:15.214395
user_00159,2025-09-04 20:55:15.214395,regular_user,True,2025-09-29 20:55:15.214395
user_00160,2025-01-31 20:55:15.214395,regular_user,False,2025-03-21 20:55:15.214395
user_00161,2025-01-13 20:55:15.214395,casual_user,False,2025-03-10 20:55:15.214395
user_00162,2025-06-18 20:55:15.214395,regular_user,False,2025-09-10 20:55:15.214395
user_00163,2025-08-03 20:55:15.215394,casual_user,False,2025-10-05 20:55:15.215394
user_00164,2025-01-29 20:55:15.215394,churn_risk_user,False,2025-04-20 20:55:15.215394
user_00165,2024-12-26 20:55:15.215394,regular_user,True,2025-02-15 20:55:15.215394
user_00166,2025-02-01 20:55:15.215394,regular_user,False,2025-03-02 20:55:15.215394
user_00167,2025-02-03 20:55:15.215394,regular_user,False,2025-03-03 20:55:15.215394
user_00168,2025-05-23 20:55:15.215394,churn_risk_user,False,2025-08-14 20:55:15.215394
user_00169,2025-07-31 20:55:15.216394,churn_risk_user,False,2025-10-15 20:55:15.216394
user_00170,2025-06-04 20:55:15.216394,casual_user,True,2025-06-26 20:55:15.216394
user_00171,2025-04-08 20:55:15.216394,regular_user,False,2025-04-23 20:55:15.216394
user_00172,2025-09-30 20:55:15.217398,regular_user,False,2025-10-24 20:55:15.217398
user_00173,2025-03-27 20:55:15.217398,casual_user,False,2025-04-27 20:55:15.217398
user_00174,2025-08-08 20:55:15.217398,regular_user,True,2025-08-12 20:55:15.217398
user_00175,2025-07-08 20:55:15.217398,regular_user,True,2025-09-15 20:55:15.217398
user_00176,2025-10-07 20:55:15.217398,regular_user,False,2025-11-21 20:55:15.217398
user_00177,2025-09-04 20:55:15.217398,power_user,False,2025-09-30 20:55:15.217398
user_00178,2025-07-27 20:55:15.218405,power_user,False,2025-10-20 20:55:15.218405
user_00179,2025-02-11 20:55:15.218405,regular_user,True,2025-03-30 20:55:15.218405
user_00180,2025-08-08 20:55:15.218405,power_user,False,2025-08-15 20:55:15.218405
user_00181,2025-06-17 20:55:15.218405,regular_user,False,2025-08-02 20:55:15.218405
user_00182,2025-06-03 20:55:15.218405,churn_risk_user,True,2025-06-30 20:55:15.218405
user_00183,2025-07-22 20:55:15.218405,regular_user,False,2025-08-04 20:55:15.218405
user_00184,2025-04-04 20:55:15.218405,regular_user,False,2025-04-26 20:55:15.218405
user_00185,2025-02-12 20:55:15.219394,casual_user,True,2025-03-01 20:55:15.219394
user_00186,2024-12-18 20:55:15.219394,regular_user,True,2025-03-16 20:55:15.219394
user_00187,2025-06-11 20:55:15.219394,regular_user,True,2025-08-06 20:55:15.219394
user_00188,2025-01-08 20:55:15.219394,regular_user,False,2025-02-20 20:55:15.219394
user_00189,2025-09-13 20:55:15.219394,casual_user,False,2025-11-19 20:55:15.219394
user_00190,2025-08-02 20:55:15.219394,casual_user,False,2025-10-26 20:55:15.219394
user_00191,2025-09-04 20:55:15.220394,regular_user,False,2025-11-25 20:55:15.220394
user_00192,2025-08-27 20:55:15.220394,regular_user,False,2025-09-21 20:55:15.220394
user_00193,2024-11-22 20:55:15.220394,regular_user,False,2025-01-30 20:55:15.220394
user_00194,2025-02-21 20:55:15.220394,churn_risk_user,True,2025-03-13 20:55:15.220394
user_00195,2025-03-24 20:55:15.220394,regular_user,False,2025-06-06 20:55:15.220394
user_00196,2024-11-24 20:55:15.220394,casual_user,True,2024-12-02 20:55:15.220394
user_00197,2025-02-03 20:55:15.221395,power_user,True,2025-03-10 20:55:15.221395
user_00198,2025-02-27 20:55:15.221395,casual_user,False,2025-05-12 20:55:15.221395
user_00199,2025-10-04 20:55:15.221395,power_user,False,2025-11-23 20:55:15.221395
user_00200,2025-08-07 20:55:15.221395,churn_risk_user,False,2025-08-14 20:55:15.221395
user_00201,2025-09-12 20:55:15.221395,regular_user,False,2025-11-20 20:55:15.221395
user_00202,2025-06-12 20:55:15.221395,casual_user,True,2025-07-01 20:55:15.221395
user_00203,2025-06-17 20:55:15.222395,regular_user,False,2025-06-30 20:55:15.222395
user_00204,2024-11-22 20:55:15.222395,power_user,False,2025-02-06 20:55:15.222395
user_00205,2025-01-22 20:55:15.222395,power_user,False,2025-01-31 20:55:15.222395
user_00206,2025-01-20 20:55:15.222395,power_user,False,2025-02-01 20:55:15.222395
user_00207,2025-04-23 20:55:15.222395,casual_user,True,2025-07-04 20:55:15.222395
user_00208,2025-01-08 20:55:15.222395,power_user,False,2025-02-14 20:55:15.222395
user_00209,2025-07-06 20:55:15.223394,power_user,False,2025-09-03 20:55:15.223394
user_00210,2025-02-14 20:55:15.223394,regular_user,False,2025-04-29 20:55:15.223394
user_00211,2025-05-24 20:55:15.223394,regular_user,False,2025-05-24 20:55:15.223394
user_00212,2024-12-16 20:55:15.223394,casual_user,True,2025-02-25 20:55:15.223394
user_00213,2025-01-14 20:55:15.223394,casual_user,True,2025-02-12 20:55:15.223394
user_00214,2024-12-21 20:55:15.223394,regular_user,False,2025-03-08 20:55:15.223394
user_00215,2025-08-07 20:55:15.224394,regular_user,False,2025-11-03 20:55:15.224394
user_00216,2024-12-16 20:55:15.224394,regular_user,False,2025-01-16 20:55:15.224394
user_00217,2025-04-12 20:55:15.224394,casual_user,False,2025-06-13 20:55:15.224394
user_00218,2025-05-18 20:55:15.224394,regular_user,False,2025-07-22 20:55:15.224394
user_00219,2024-12-03 20:55:15.225406,churn_risk_user,False,2025-01-22 20:55:15.225406
user_00220,2025-03-24 20:55:15.225406,churn_risk_user,False,2025-06-03 20:55:15.225406
user_00221,2025-08-27 20:55:15.225406,power_user,False,2025-09-24 20:55:15.225406
user_00222,2024-12-23 20:55:15.226419,regular_user,False,2025-01-27 20:55:15.226419
user_00223,2025-05-04 20:55:15.226419,regular_user,False,2025-05-30 20:55:15.226419
user_00224,2024-12-23 20:55:15.226419,power_user,False,2025-01-01 20:55:15.226419
user_00225,2025-10-03 20:55:15.227409,casual_user,False,2025-11-09 20:55:15.227409
user_00226,2025-05-02 20:55:15.227409,regular_user,False,2025-06-22 20:55:15.227409
user_00227,2025-04-07 20:55:15.227409,regular_user,False,2025-05-05 20:55:15.227409
user_00228,2025-08-22 20:55:15.228418,regular_user,False,2025-09-17 20:55:15.228418
user_00229,2025-07-05 20:55:15.228418,regular_user,False,2025-07-30 20:55:15.228418
user_00230,2024-12-13 20:55:15.228418,regular_user,False,2025-02-24 20:55:15.228418
user_00231,2024-10-13 20:55:15.228418,regular_user,False,2024-11-28 20:55:15.228418
user_00232,2024-10-27 20:55:15.228418,churn_risk_user,True,2024-11-08 20:55:15.228418
user_00233,2025-06-26 20:55:15.228418,regular_user,False,2025-08-24 20:55:15.228418
user_00234,2025-04-20 20:55:15.229470,churn_risk_user,False,2025-06-26 20:55:15.229470
user_00235,2025-05-28 20:55:15.229470,churn_risk_user,False,2025-06-27 20:55:15.229470
user_00236,2025-08-18 20:55:15.229470,casual_user,False,2025-11-11 20:55:15.229470
user_00237,2025-01-14 20:55:15.229470,regular_user,True,2025-02-03 20:55:15.229470
user_00238,2024-10-27 20:55:15.229470,casual_user,True,2024-12-22 20:55:15.229470
user_00239,2025-10-07 20:55:15.229470,casual_user,False,2025-11-15 20:55:15.229470
user_00240,2025-05-12 20:55:15.230456,regular_user,False,2025-07-24 20:55:15.230456
user_00241,2024-11-29 20:55:15.230456,power_user,False,2025-01-30 20:55:15.230456
user_00242,2025-02-06 20:55:15.230456,regular_user,False,2025-02-07 20:55:15.230456
user_00243,2025-03-12 20:55:15.230456,regular_user,False,2025-04-23 20:55:15.230456
user_00244,2024-10-09 20:55:15.230456,churn_risk_user,True,2024-11-02 20:55:15.230456
user_00245,2025-04-11 20:55:15.230456,regular_user,False,2025-05-29 20:55:15.230456
user_00246,2024-12-27 20:55:15.231437,regular_user,False,2025-01-23 20:55:15.231437
user_00247,2025-08-20 20:55:15.231437,regular_user,False,2025-10-07 20:55:15.231437
user_00248,2025-05-13 20:55:15.231437,regular_user,True,2025-07-12 20:55:15.231437
user_00249,2024-10-13 20:55:15.231437,regular_user,False,2024-10-25 20:55:15.231437
user_00250,2025-03-07 20:55:15.231437,regular_user,False,2025-05-07 20:55:15.231437
user_00251,2025-09-06 20:55:15.231437,regular_user,False,2025-10-05 20:55:15.231437
user_00252,2025-05-17 20:55:15.232408,regular_user,True,2025-08-02 20:55:15.232408
user_00253,2025-04-16 20:55:15.232408,regular_user,False,2025-05-23 20:55:15.232408
user_00254,2024-11-23 20:55:15.232408,power_user,False,2025-01-16 20:55:15.232408
user_00255,2024-10-14 20:55:15.232408,casual_user,True,2025-01-04 20:55:15.232408
user_00256,2025-04-29 20:55:15.233434,regular_user,True,2025-05-30 20:55:15.233434
user_00257,2025-04-13 20:55:15.233434,casual_user,False,2025-06-08 20:55:15.233434
user_00258,2025-02-03 20:55:15.233434,regular_user,True,2025-04-15 20:55:15.233434
user_00259,2025-08-15 20:55:15.233434,regular_user,False,2025-10-04 20:55:15.233434
user_00260,2025-07-03 20:55:15.233434,regular_user,False,2025-08-06 20:55:15.233434
user_00261,2025-07-04 20:55:15.233434,churn_risk_user,False,2025-08-18 20:55:15.233434
user_00262,2025-04-26 20:55:15.233434,power_user,False,2025-06-19 20:55:15.233434
user_00263,2025-10-01 20:55:15.234423,casual_user,False,2025-12-24 20:55:15.234423
user_00264,2025-05-14 20:55:15.234423,power_user,False,2025-06-11 20:55:15.234423
user_00265,2025-04-03 20:55:15.234423,casual_user,False,2025-06-10 20:55:15.234423
user_00266,2025-09-27 20:55:15.234423,regular_user,False,2025-12-22 20:55:15.234423
user_00267,2025-06-11 20:55:15.234423,regular_user,False,2025-07-18 20:55:15.234423
user_00268,2025-01-25 20:55:15.235440,regular_user,False,2025-03-09 20:55:15.235440
user_00269,2024-10-18 20:55:15.235440,churn_risk_user,False,2024-11-10 20:55:15.235440
user_00270,2025-07-19 20:55:15.235440,casual_user,False,2025-10-13 20:55:15.235440
user_00271,2025-06-02 20:55:15.235440,regular_user,False,2025-08-21 20:55:15.235440
user_00272,2025-09-24 20:55:15.235440,casual_user,False,2025-10-18 20:55:15.235440
user_00273,2024-10-14 20:55:15.235440,regular_user,False,2024-10-17 20:55:15.235440
user_00274,2025-05-07 20:55:15.236423,regular_user,True,2025-08-01 20:55:15.236423
user_00275,2024-12-19 20:55:15.236423,power_user,False,2025-03-13 20:55:15.236423
user_00276,2025-08-27 20:55:15.236423,regular_user,True,2025-09-12 20:55:15.236423
user_00277,2025-04-26 20:55:15.236423,casual_user,False,2025-07-21 20:55:15.236423
user_00278,2025-06-13 20:55:15.236423,power_user,True,2025-08-08 20:55:15.236423
user_00279,2024-12-25 20:55:15.236423,casual_user,False,2025-01-05 20:55:15.236423
user_00280,2025-02-13 20:55:15.236423,casual_user,True,2025-03-29 20:55:15.236423
user_00281,2025-04-01 20:55:15.237424,regular_user,True,2025-05-24 20:55:15.237424
user_00282,2024-10-10 20:55:15.237424,regular_user,True,2024-11-04 20:55:15.237424
user_00283,2025-09-09 20:55:15.237424,regular_user,True,2025-10-14 20:55:15.237424
user_00284,2025-06-17 20:55:15.237424,casual_user,False,2025-08-09 20:55:15.237424
user_00285,2025-07-02 20:55:15.237424,regular_user,False,2025-07-23 20:55:15.237424
user_00286,2025-07-31 20:55:15.237424,regular_user,True,2025-08-19 20:55:15.237424
user_00287,2025-02-23 20:55:15.238444,casual_user,False,2025-05-06 20:55:15.238444
user_00288,2025-05-07 20:55:15.238444,regular_user,False,2025-06-15 20:55:15.238444
user_00289,2025-09-21 20:55:15.238444,regular_user,False,2025-11-01 20:55:15.238444
user_00290,2025-09-13 20:55:15.238444,regular_user,False,2025-10-26 20:55:15.238444
user_00291,2025-06-28 20:55:15.238444,regular_user,False,2025-08-10 20:55:15.238444
user_00292,2024-12-07 20:55:15.238444,power_user,False,2025-01-30 20:55:15.238444
user_00293,2024-12-09 20:55:15.239470,power_user,False,2025-03-01 20:55:15.239470
user_00294,2025-01-17 20:55:15.239470,casual_user,False,2025-04-06 20:55:15.239470
user_00295,2025-03-24 20:55:15.239470,churn_risk_user,False,2025-04-04 20:55:15.239470
user_00296,2025-05-18 20:55:15.239470,casual_user,True,2025-06-12 20:55:15.239470
user_00297,2025-08-22 20:55:15.239470,power_user,False,2025-09-07 20:55:15.239470
user_00298,2024-12-30 20:55:15.239470,regular_user,False,2025-01-12 20:55:15.239470
user_00299,2024-11-07 20:55:15.239470,casual_user,True,2024-12-24 20:55:15.239470
user_00300,2024-11-14 20:55:15.240408,churn_risk_user,False,2025-02-03 20:55:15.240408
user_00301,2025-02-27 20:55:15.240408,casual_user,False,2025-03-16 20:55:15.240408
user_00302,2025-06-27 20:55:15.240408,power_user,False,2025-08-25 20:55:15.240408
user_00303,2024-12-11 20:55:15.240408,power_user,False,2025-01-19 20:55:15.240408
user_00304,2025-04-08 20:55:15.240408,regular_user,False,2025-04-11 20:55:15.240408
user_00305,2024-10-24 20:55:15.240408,casual_user,False,2024-11-25 20:55:15.240408
user_00306,2025-09-22 20:55:15.241406,regular_user,False,2025-11-26 20:55:15.241406
user_00307,2024-12-01 20:55:15.241406,regular_user,False,2024-12-13 20:55:15.241406
user_00308,2025-05-20 20:55:15.241406,regular_user,False,2025-06-27 20:55:15.241406
user_00309,2024-12-10 20:55:15.242406,regular_user,False,2025-02-09 20:55:15.242406
user_00310,2025-02-05 20:55:15.242406,regular_user,False,2025-02-14 20:55:15.242406
user_00311,2024-10-14 20:55:15.242406,regular_user,False,2024-12-01 20:55:15.242406
user_00312,2025-10-05 20:55:15.242406,regular_user,True,2025-12-11 20:55:15.242406
user_00313,2025-05-15 20:55:15.242406,regular_user,True,2025-07-18 20:55:15.242406
user_00314,2025-07-27 20:55:15.243410,power_user,False,2025-10-02 20:55:15.243410
user_00315,2025-05-21 20:55:15.243410,churn_risk_user,False,2025-07-02 20:55:15.243410
user_00316,2025-03-24 20:55:15.243410,churn_risk_user,False,2025-06-19 20:55:15.243410
user_00317,2025-09-27 20:55:15.243410,churn_risk_user,False,2025-12-06 20:55:15.243410
user_00318,2025-08-17 20:55:15.244425,power_user,False,2025-10-18 20:55:15.244425
user_00319,2024-12-02 20:55:15.244425,casual_user,False,2025-02-13 20:55:15.244425
user_00320,2025-06-23 20:55:15.244425,regular_user,True,2025-06-25 20:55:15.244425
user_00321,2025-01-19 20:55:15.244425,casual_user,False,2025-04-15 20:55:15.244425
user_00322,2025-04-14 20:55:15.245413,regular_user,False,2025-06-13 20:55:15.245413
user_00323,2025-04-13 20:55:15.245413,regular_user,False,2025-04-15 20:55:15.245413
user_00324,2025-05-01 20:55:15.245413,regular_user,False,2025-07-28 20:55:15.245413
user_00325,2024-11-13 20:55:15.245413,casual_user,False,2024-11-23 20:55:15.245413
user_00326,2025-06-25 20:55:15.245413,regular_user,True,2025-07-23 20:55:15.245413
user_00327,2025-05-24 20:55:15.246421,power_user,False,2025-07-04 20:55:15.246421
user_00328,2025-09-29 20:55:15.246421,regular_user,False,2025-10-09 20:55:15.246421
user_00329,2025-02-24 20:55:15.246421,regular_user,False,2025-05-06 20:55:15.246421
user_00330,2025-01-30 20:55:15.246421,casual_user,False,2025-04-09 20:55:15.246421
user_00331,2025-09-01 20:55:15.246421,regular_user,False,2025-11-08 20:55:15.246421
user_00332,2025-07-19 20:55:15.246421,power_user,False,2025-09-18 20:55:15.246421
user_00333,2024-10-24 20:55:15.247418,churn_risk_user,False,2024-12-02 20:55:15.247418
user_00334,2024-10-19 20:55:15.247418,regular_user,False,2024-11-20 20:55:15.247418
user_00335,2025-01-19 20:55:15.247418,regular_user,False,2025-03-18 20:55:15.247418
user_00336,2025-08-10 20:55:15.247418,regular_user,False,2025-09-23 20:55:15.247418
user_00337,2024-10-28 20:55:15.247418,churn_risk_user,True,2024-11-23 20:55:15.247418
user_00338,2025-04-03 20:55:15.247418,regular_user,False,2025-05-30 20:55:15.247418
user_00339,2025-02-01 20:55:15.248405,power_user,False,2025-02-10 20:55:15.248405
user_00340,2025-05-01 20:55:15.248405,regular_user,False,2025-05-31 20:55:15.248405
user_00341,2025-07-18 20:55:15.248405,casual_user,False,2025-07-29 20:55:15.248405
user_00342,2024-12-17 20:55:15.248405,regular_user,True,2025-01-12 20:55:15.248405
user_00343,2025-06-17 20:55:15.248405,regular_user,True,2025-08-15 20:55:15.248405
user_00344,2024-10-29 20:55:15.248405,casual_user,True,2025-01-19 20:55:15.248405
user_00345,2025-07-26 20:55:15.249906,regular_user,False,2025-08-22 20:55:15.249906
user_00346,2025-08-09 20:55:15.249906,regular_user,False,2025-08-30 20:55:15.249906
user_00347,2025-03-26 20:55:15.249906,regular_user,False,2025-06-01 20:55:15.249906
user_00348,2025-03-03 20:55:15.249906,regular_user,False,2025-03-19 20:55:15.249906
user_00349,2025-03-29 20:55:15.249906,power_user,True,2025-06-18 20:55:15.249906
user_00350,2024-12-06 20:55:15.249906,churn_risk_user,False,2025-02-19 20:55:15.249906
user_00351,2025-04-27 20:55:15.249906,casual_user,False,2025-07-11 20:55:15.249906
user_00352,2025-10-01 20:55:15.249906,power_user,False,2025-12-18 20:55:15.249906
user_00353,2025-08-11 20:55:15.251368,power_user,True,2025-09-08 20:55:15.251368
user_00354,2025-10-04 20:55:15.251368,regular_user,False,2025-11-11 20:55:15.251368
user_00355,2025-01-10 20:55:15.251368,casual_user,False,2025-02-10 20:55:15.251368
user_00356,2025-05-31 20:55:15.251368,casual_user,True,2025-08-13 20:55:15.251368
user_00357,2025-09-11 20:55:15.251368,casual_user,False,2025-11-05 20:55:15.251368
user_00358,2025-07-08 20:55:15.251368,casual_user,False,2025-09-04 20:55:15.251368
user_00359,2025-07-16 20:55:15.252375,regular_user,True,2025-07-18 20:55:15.252375
user_00360,2025-01-24 20:55:15.252375,regular_user,False,2025-02-26 20:55:15.252375
user_00361,2025-04-28 20:55:15.252375,power_user,False,2025-05-09 20:55:15.252375
user_00362,2025-01-07 20:55:15.252375,casual_user,False,2025-03-19 20:55:15.252375
user_00363,2025-08-09 20:55:15.252375,regular_user,False,2025-09-30 20:55:15.252375
user_00364,2025-09-30 20:55:15.252375,casual_user,False,2025-12-09 20:55:15.252375
user_00365,2024-10-24 20:55:15.253383,power_user,True,2024-12-22 20:55:15.253383
user_00366,2025-08-23 20:55:15.253383,regular_user,True,2025-11-01 20:55:15.253383
user_00367,2025-01-08 20:55:15.253383,casual_user,True,2025-01-16 20:55:15.253383
user_00368,2025-04-25 20:55:15.253383,regular_user,True,2025-07-19 20:55:15.253383
user_00369,2025-06-13 20:55:15.253383,regular_user,False,2025-08-15 20:55:15.253383
user_00370,2025-03-17 20:55:15.253383,power_user,False,2025-05-19 20:55:15.253383
user_00371,2024-11-04 20:55:15.254479,regular_user,False,2024-12-05 20:55:15.254479
user_00372,2025-09-27 20:55:15.254479,casual_user,False,2025-11-06 20:55:15.254479
user_00373,2025-01-14 20:55:15.254479,regular_user,True,2025-01-30 20:55:15.254479
user_00374,2025-07-24 20:55:15.254479,churn_risk_user,True,2025-10-11 20:55:15.254479
user_00375,2024-12-02 20:55:15.254479,casual_user,False,2025-02-13 20:55:15.254479
user_00376,2025-02-08 20:55:15.254479,regular_user,False,2025-03-12 20:55:15.254479
user_00377,2025-02-17 20:55:15.255469,regular_user,True,2025-03-14 20:55:15.255469
user_00378,2025-06-27 20:55:15.255469,power_user,False,2025-08-11 20:55:15.255469
user_00379,2025-06-08 20:55:15.255469,casual_user,True,2025-07-21 20:55:15.255469
user_00380,2024-12-07 20:55:15.255469,churn_risk_user,True,2024-12-12 20:55:15.255469
user_00381,2025-09-29 20:55:15.255469,churn_risk_user,True,2025-10-30 20:55:15.255469
user_00382,2025-08-28 20:55:15.255469,casual_user,False,2025-10-16 20:55:15.255469
user_00383,2024-10-25 20:55:15.256547,casual_user,False,2024-10-31 20:55:15.256547
user_00384,2025-07-16 20:55:15.256547,regular_user,False,2025-08-06 20:55:15.256547
user_00385,2025-10-05 20:55:15.256547,power_user,True,2025-10-18 20:55:15.256547
user_00386,2025-09-26 20:55:15.256547,regular_user,True,2025-11-09 20:55:15.256547
user_00387,2025-02-07 20:55:15.256547,regular_user,False,2025-03-23 20:55:15.256547
user_00388,2025-03-01 20:55:15.256547,casual_user,False,2025-04-20 20:55:15.256547
user_00389,2024-12-12 20:55:15.257545,regular_user,False,2025-01-02 20:55:15.257545
user_00390,2025-09-01 20:55:15.257545,churn_risk_user,False,2025-09-03 20:55:15.257545
user_00391,2025-03-20 20:55:15.257545,regular_user,True,2025-05-12 20:55:15.257545
user_00392,2025-03-15 20:55:15.257545,regular_user,False,2025-06-07 20:55:15.257545
user_00393,2025-05-02 20:55:15.257545,regular_user,False,2025-06-07 20:55:15.257545
user_00394,2025-10-04 20:55:15.257545,casual_user,False,2025-12-02 20:55:15.257545
user_00395,2025-05-09 20:55:15.258540,regular_user,False,2025-06-13 20:55:15.258540
user_00396,2025-01-31 20:55:15.258540,casual_user,False,2025-04-06 20:55:15.258540
user_00397,2024-11-07 20:55:15.258540,churn_risk_user,False,2024-12-18 20:55:15.258540
user_00398,2025-02-07 20:55:15.258540,regular_user,False,2025-02-18 20:55:15.258540
user_00399,2025-05-30 20:55:15.259540,casual_user,False,2025-06-13 20:55:15.259540
user_00400,2025-02-25 20:55:15.259540,power_user,False,2025-05-22 20:55:15.259540
user_00401,2024-12-14 20:55:15.259540,regular_user,False,2025-01-19 20:55:15.259540
user_00402,2024-11-17 20:55:15.259540,power_user,False,2025-01-15 20:55:15.259540
user_00403,2025-06-19 20:55:15.260542,regular_user,False,2025-09-10 20:55:15.260542
user_00404,2025-05-31 20:55:15.260542,power_user,False,2025-08-27 20:55:15.260542
user_00405,2025-09-10 20:55:15.261555,regular_user,False,2025-11-13 20:55:15.261555
user_00406,2025-04-27 20:55:15.261555,churn_risk_user,False,2025-05-07 20:55:15.261555
user_00407,2025-09-28 20:55:15.261555,power_user,True,2025-12-10 20:55:15.261555
user_00408,2025-07-07 20:55:15.261555,regular_user,False,2025-07-07 20:55:15.261555
user_00409,2025-05-28 20:55:15.261555,regular_user,False,2025-05-28 20:55:15.261555
user_00410,2024-11-29 20:55:15.261555,regular_user,True,2025-01-04 20:55:15.261555
user_00411,2025-04-16 20:55:15.262576,casual_user,False,2025-05-29 20:55:15.262576
user_00412,2024-11-30 20:55:15.262576,regular_user,False,2025-01-29 20:55:15.262576
user_00413,2024-11-08 20:55:15.262576,power_user,False,2024-11-27 20:55:15.262576
user_00414,2024-12-30 20:55:15.262576,power_user,True,2025-03-09 20:55:15.262576
user_00415,2025-02-05 20:55:15.262576,power_user,True,2025-03-27 20:55:15.262576
user_00416,2025-03-16 20:55:15.262576,casual_user,False,2025-06-11 20:55:15.262576
user_00417,2025-01-30 20:55:15.262576,power_user,False,2025-03-20 20:55:15.262576
user_00418,2024-12-27 20:55:15.263914,casual_user,False,2025-02-07 20:55:15.263914
user_00419,2025-04-13 20:55:15.263914,regular_user,False,2025-05-05 20:55:15.263914
user_00420,2025-06-04 20:55:15.263914,regular_user,False,2025-06-11 20:55:15.263914
user_00421,2024-11-01 20:55:15.263914,power_user,False,2024-11-05 20:55:15.263914
user_00422,2025-07-14 20:55:15.263914,regular_user,False,2025-10-11 20:55:15.263914
user_00423,2025-06-16 20:55:15.265081,regular_user,False,2025-08-01 20:55:15.265081
user_00424,2025-02-18 20:55:15.265081,casual_user,True,2025-05-17 20:55:15.265081
user_00425,2024-12-10 20:55:15.265081,churn_risk_user,False,2025-01-09 20:55:15.265081
user_00426,2025-05-19 20:55:15.265615,regular_user,False,2025-08-16 20:55:15.265615
user_00427,2025-03-02 20:55:15.265615,regular_user,False,2025-05-03 20:55:15.265615
user_00428,2025-07-27 20:55:15.265615,casual_user,False,2025-08-08 20:55:15.265615
user_00429,2025-07-27 20:55:15.265615,power_user,True,2025-10-09 20:55:15.265615
user_00430,2024-11-18 20:55:15.265615,casual_user,False,2024-11-21 20:55:15.265615
user_00431,2025-06-28 20:55:15.265615,regular_user,False,2025-07-10 20:55:15.265615
user_00432,2025-01-02 20:55:15.265615,regular_user,False,2025-03-30 20:55:15.265615
user_00433,2024-12-02 20:55:15.265615,casual_user,False,2025-02-04 20:55:15.265615
user_00434,2025-07-24 20:55:15.265615,casual_user,False,2025-08-11 20:55:15.265615
user_00435,2024-11-26 20:55:15.265615,regular_user,False,2024-12-30 20:55:15.265615
user_00436,2025-06-28 20:55:15.265615,power_user,False,2025-09-13 20:55:15.265615
user_00437,2024-11-12 20:55:15.265615,casual_user,False,2025-02-04 20:55:15.265615
user_00438,2024-12-30 20:55:15.265615,churn_risk_user,False,2025-01-26 20:55:15.265615
user_00439,2025-06-13 20:55:15.265615,casual_user,True,2025-06-17 20:55:15.265615
user_00440,2024-12-08 20:55:15.265615,regular_user,False,2024-12-22 20:55:15.265615
user_00441,2025-08-26 20:55:15.265615,casual_user,False,2025-10-07 20:55:15.265615
user_00442,2025-09-17 20:55:15.266991,regular_user,True,2025-11-02 20:55:15.266991
user_00443,2025-06-13 20:55:15.266991,casual_user,True,2025-08-26 20:55:15.266991
user_00444,2025-08-18 20:55:15.266991,power_user,False,2025-11-11 20:55:15.266991
user_00445,2025-01-06 20:55:15.266991,power_user,False,2025-02-26 20:55:15.266991
user_00446,2025-09-11 20:55:15.266991,churn_risk_user,False,2025-09-18 20:55:15.266991
user_00447,2025-05-17 20:55:15.266991,power_user,False,2025-05-18 20:55:15.266991
user_00448,2025-07-23 20:55:15.266991,regular_user,True,2025-10-05 20:55:15.266991
user_00449,2025-01-18 20:55:15.266991,casual_user,True,2025-01-30 20:55:15.266991
user_00450,2025-05-02 20:55:15.266991,casual_user,True,2025-06-12 20:55:15.266991
user_00451,2024-12-14 20:55:15.266991,churn_risk_user,False,2024-12-20 20:55:15.266991
user_00452,2024-12-02 20:55:15.266991,regular_user,True,2025-01-17 20:55:15.266991
user_00453,2025-05-20 20:55:15.266991,casual_user,False,2025-08-13 20:55:15.266991
user_00454,2025-03-02 20:55:15.266991,regular_user,True,2025-03-11 20:55:15.266991
user_00455,2025-06-09 20:55:15.266991,casual_user,False,2025-08-27 20:55:15.266991
user_00456,2025-08-20 20:55:15.268237,regular_user,False,2025-10-08 20:55:15.268237
user_00457,2025-05-09 20:55:15.268237,casual_user,False,2025-07-21 20:55:15.268237
user_00458,2024-10-28 20:55:15.268237,power_user,False,2024-12-21 20:55:15.268237
user_00459,2025-02-08 20:55:15.268237,regular_user,True,2025-03-12 20:55:15.268237
user_00460,2025-06-11 20:55:15.268237,regular_user,True,2025-07-17 20:55:15.268237
user_00461,2025-05-18 20:55:15.268237,regular_user,True,2025-05-28 20:55:15.268237
user_00462,2025-05-23 20:55:15.268237,regular_user,False,2025-07-18 20:55:15.268237
user_00463,2025-01-27 20:55:15.268237,power_user,True,2025-02-02 20:55:15.268237
user_00464,2025-07-15 20:55:15.268237,casual_user,False,2025-08-22 20:55:15.268237
user_00465,2025-02-09 20:55:15.268237,power_user,False,2025-03-26 20:55:15.268237
user_00466,2025-09-19 20:55:15.268237,casual_user,False,2025-10-20 20:55:15.268237
user_00467,2025-04-24 20:55:15.268237,casual_user,True,2025-05-29 20:55:15.268237
user_00468,2025-07-27 20:55:15.268237,regular_user,True,2025-09-05 20:55:15.268237
user_00469,2025-03-26 20:55:15.268237,regular_user,False,2025-05-24 20:55:15.268237
user_00470,2025-10-03 20:55:15.269540,power_user,False,2025-10-10 20:55:15.269540
user_00471,2025-02-20 20:55:15.269540,regular_user,False,2025-04-04 20:55:15.269540
user_00472,2025-08-11 20:55:15.269540,regular_user,False,2025-11-05 20:55:15.269540
user_00473,2025-04-19 20:55:15.269540,casual_user,False,2025-07-14 20:55:15.269540
user_00474,2024-12-26 20:55:15.269540,regular_user,False,2025-02-21 20:55:15.269540
user_00475,2025-09-02 20:55:15.269540,churn_risk_user,False,2025-10-18 20:55:15.269540
user_00476,2024-12-01 20:55:15.269540,regular_user,True,2025-01-24 20:55:15.269540
user_00477,2025-09-26 20:55:15.269540,regular_user,False,2025-12-18 20:55:15.269540
user_00478,2025-10-05 20:55:15.269540,churn_risk_user,True,2025-10-09 20:55:15.269540
user_00479,2024-10-13 20:55:15.269540,casual_user,True,2024-11-11 20:55:15.269540
user_00480,2025-05-12 20:55:15.269540,power_user,True,2025-07-22 20:55:15.269540
user_00481,2025-02-19 20:55:15.269540,casual_user,False,2025-05-05 20:55:15.269540
user_00482,2025-08-31 20:55:15.269540,regular_user,True,2025-10-05 20:55:15.269540
user_00483,2025-05-10 20:55:15.269540,regular_user,False,2025-08-02 20:55:15.269540
user_00484,2025-01-23 20:55:15.269540,churn_risk_user,False,2025-04-07 20:55:15.269540
user_00485,2024-11-19 20:55:15.269540,regular_user,False,2025-01-25 20:55:15.269540
user_00486,2024-12-01 20:55:15.270841,regular_user,False,2024-12-15 20:55:15.270841
user_00487,2024-10-31 20:55:15.270841,regular_user,False,2024-11-11 20:55:15.270841
user_00488,2025-02-11 20:55:15.270841,regular_user,False,2025-03-27 20:55:15.270841
user_00489,2024-12-21 20:55:15.270841,casual_user,False,2025-03-08 20:55:15.270841
user_00490,2025-05-27 20:55:15.270841,power_user,True,2025-06-09 20:55:15.270841
user_00491,2025-07-27 20:55:15.270841,regular_user,True,2025-07-28 20:55:15.270841
user_00492,2025-03-16 20:55:15.270841,churn_risk_user,False,2025-04-09 20:55:15.270841
user_00493,2024-12-31 20:55:15.270841,regular_user,False,2025-01-13 20:55:15.270841
user_00494,2024-11-21 20:55:15.270841,casual_user,False,2025-01-11 20:55:15.270841
user_00495,2025-09-13 20:55:15.270841,casual_user,True,2025-10-03 20:55:15.270841
user_00496,2025-09-13 20:55:15.270841,regular_user,True,2025-09-24 20:55:15.270841
user_00497,2024-12-24 20:55:15.270841,power_user,False,2025-01-23 20:55:15.270841
user_00498,2024-11-08 20:55:15.270841,casual_user,True,2025-01-09 20:55:15.270841
user_00499,2025-05-01 20:55:15.270841,regular_user,False,2025-06-29 20:55:15.270841
user_00500,2025-05-10 20:55:15.272143,regular_user,True,2025-07-31 20:55:15.272143
user_00501,2025-01-15 20:55:15.272143,regular_user,False,2025-03-05 20:55:15.272143
user_00502,2025-01-28 20:55:15.272143,casual_user,True,2025-04-24 20:55:15.272143
user_00503,2025-07-17 20:55:15.272143,regular_user,True,2025-08-13 20:55:15.272143
user_00504,2025-04-01 20:55:15.272143,regular_user,True,2025-04-16 20:55:15.272143
user_00505,2025-01-29 20:55:15.272143,casual_user,False,2025-03-09 20:55:15.272143
user_00506,2025-01-08 20:55:15.272143,regular_user,True,2025-02-28 20:55:15.272143
user_00507,2025-06-06 20:55:15.272143,casual_user,False,2025-08-07 20:55:15.272143
user_00508,2025-08-07 20:55:15.272143,casual_user,False,2025-09-02 20:55:15.272143
user_00509,2025-07-08 20:55:15.272143,regular_user,True,2025-10-01 20:55:15.272143
user_00510,2025-05-28 20:55:15.272143,power_user,False,2025-06-17 20:55:15.272143
user_00511,2025-02-04 20:55:15.272143,casual_user,False,2025-05-01 20:55:15.272143
user_00512,2024-11-28 20:55:15.272143,regular_user,False,2024-12-10 20:55:15.272143
user_00513,2025-03-09 20:55:15.272143,casual_user,False,2025-04-30 20:55:15.272143
user_00514,2024-11-04 20:55:15.272143,power_user,True,2025-01-23 20:55:15.272143
user_00515,2025-04-03 20:55:15.272143,casual_user,False,2025-05-27 20:55:15.272143
user_00516,2025-06-13 20:55:15.272143,regular_user,True,2025-08-03 20:55:15.272143
user_00517,2025-06-18 20:55:15.273596,casual_user,False,2025-08-08 20:55:15.273596
user_00518,2025-08-27 20:55:15.273596,casual_user,False,2025-10-29 20:55:15.273596
user_00519,2025-09-21 20:55:15.273596,casual_user,False,2025-09-22 20:55:15.273596
user_00520,2025-08-09 20:55:15.273596,power_user,True,2025-10-05 20:55:15.273596
user_00521,2025-02-18 20:55:15.273596,regular_user,False,2025-03-23 20:55:15.273596
user_00522,2025-01-17 20:55:15.273596,casual_user,False,2025-04-05 20:55:15.273596
user_00523,2024-10-30 20:55:15.273596,regular_user,True,2024-11-30 20:55:15.273596
user_00524,2025-07-13 20:55:15.273596,casual_user,True,2025-10-07 20:55:15.273596
user_00525,2025-08-26 20:55:15.273596,casual_user,False,2025-09-18 20:55:15.273596
user_00526,2025-09-21 20:55:15.273596,churn_risk_user,False,2025-11-17 20:55:15.273596
user_00527,2025-02-22 20:55:15.273596,regular_user,False,2025-02-28 20:55:15.273596
user_00528,2025-09-10 20:55:15.274637,regular_user,False,2025-09-14 20:55:15.274637
user_00529,2024-10-23 20:55:15.274637,casual_user,True,2024-11-01 20:55:15.274637
user_00530,2025-08-31 20:55:15.274637,power_user,False,2025-11-19 20:55:15.274637
user_00531,2025-02-27 20:55:15.274637,casual_user,True,2025-05-10 20:55:15.274637
user_00532,2025-08-20 20:55:15.274637,regular_user,True,2025-09-29 20:55:15.274637
user_00533,2025-03-05 20:55:15.274637,regular_user,True,2025-03-14 20:55:15.274637
user_00534,2025-05-12 20:55:15.274637,power_user,False,2025-05-13 20:55:15.274637
user_00535,2025-01-12 20:55:15.275765,regular_user,False,2025-02-12 20:55:15.275765
user_00536,2024-12-24 20:55:15.275765,casual_user,True,2025-01-07 20:55:15.275765
user_00537,2025-01-08 20:55:15.275765,churn_risk_user,True,2025-02-01 20:55:15.275765
user_00538,2024-11-27 20:55:15.275765,regular_user,False,2024-12-18 20:55:15.275765
user_00539,2025-03-09 20:55:15.275765,casual_user,False,2025-03-29 20:55:15.275765
user_00540,2025-06-08 20:55:15.276761,casual_user,False,2025-06-19 20:55:15.276761
user_00541,2025-02-17 20:55:15.276761,regular_user,False,2025-03-09 20:55:15.276761
user_00542,2025-06-04 20:55:15.276761,casual_user,False,2025-06-10 20:55:15.276761
user_00543,2025-05-10 20:55:15.276761,casual_user,True,2025-08-03 20:55:15.276761
user_00544,2025-05-11 20:55:15.276761,churn_risk_user,False,2025-06-08 20:55:15.276761
user_00545,2025-01-12 20:55:15.276761,regular_user,True,2025-03-31 20:55:15.276761
user_00546,2024-12-29 20:55:15.276761,churn_risk_user,False,2025-01-20 20:55:15.276761
user_00547,2025-07-12 20:55:15.276761,regular_user,False,2025-08-17 20:55:15.276761
user_00548,2025-04-02 20:55:15.276761,casual_user,False,2025-04-20 20:55:15.276761
user_00549,2025-09-15 20:55:15.277757,casual_user,False,2025-10-09 20:55:15.277757
user_00550,2025-06-02 20:55:15.277757,regular_user,True,2025-07-29 20:55:15.277757
user_00551,2025-05-17 20:55:15.277757,casual_user,False,2025-05-19 20:55:15.277757
user_00552,2025-06-26 20:55:15.277757,regular_user,False,2025-09-22 20:55:15.277757
user_00553,2025-09-28 20:55:15.277757,casual_user,False,2025-10-24 20:55:15.277757
user_00554,2025-08-03 20:55:15.277757,regular_user,False,2025-09-07 20:55:15.277757
user_00555,2025-07-14 20:55:15.277757,casual_user,False,2025-07-25 20:55:15.277757
user_00556,2025-03-13 20:55:15.280761,power_user,False,2025-05-04 20:55:15.280761
user_00557,2025-09-18 20:55:15.280761,regular_user,True,2025-11-26 20:55:15.280761
user_00558,2024-11-30 20:55:15.280761,regular_user,True,2024-12-03 20:55:15.280761
user_00559,2025-09-18 20:55:15.280761,casual_user,True,2025-10-13 20:55:15.280761
user_00560,2024-12-19 20:55:15.280761,casual_user,True,2025-01-08 20:55:15.280761
user_00561,2025-03-20 20:55:15.280761,casual_user,False,2025-05-15 20:55:15.280761
user_00562,2025-09-18 20:55:15.280761,regular_user,False,2025-10-01 20:55:15.280761
user_00563,2025-10-05 20:55:15.280761,power_user,False,2025-11-28 20:55:15.280761
user_00564,2025-01-27 20:55:15.280761,regular_user,False,2025-02-14 20:55:15.280761
user_00565,2025-05-02 20:55:15.281758,power_user,False,2025-07-03 20:55:15.281758
user_00566,2025-03-11 20:55:15.281758,power_user,False,2025-04-09 20:55:15.281758
user_00567,2024-11-28 20:55:15.281758,casual_user,False,2025-01-30 20:55:15.281758
user_00568,2025-09-19 20:55:15.281758,regular_user,True,2025-11-12 20:55:15.281758
user_00569,2025-06-17 20:55:15.281758,regular_user,True,2025-08-02 20:55:15.281758
user_00570,2024-11-29 20:55:15.281758,churn_risk_user,False,2024-12-15 20:55:15.281758
user_00571,2025-03-24 20:55:15.281758,casual_user,False,2025-04-07 20:55:15.281758
user_00572,2025-03-24 20:55:15.281758,churn_risk_user,False,2025-04-01 20:55:15.281758
user_00573,2025-07-10 20:55:15.281758,regular_user,True,2025-09-08 20:55:15.281758
user_00574,2025-05-23 20:55:15.281758,regular_user,True,2025-07-31 20:55:15.281758
user_00575,2024-11-05 20:55:15.281758,churn_risk_user,False,2024-11-23 20:55:15.281758
user_00576,2025-09-03 20:55:15.282757,regular_user,False,2025-11-05 20:55:15.282757
user_00577,2025-08-20 20:55:15.282757,regular_user,False,2025-10-28 20:55:15.282757
user_00578,2025-07-10 20:55:15.282757,power_user,False,2025-08-13 20:55:15.282757
user_00579,2025-06-01 20:55:15.282757,casual_user,True,2025-07-11 20:55:15.282757
user_00580,2025-04-09 20:55:15.282757,regular_user,True,2025-06-04 20:55:15.282757
user_00581,2025-09-07 20:55:15.282757,churn_risk_user,False,2025-11-30 20:55:15.282757
user_00582,2024-10-09 20:55:15.282757,power_user,True,2024-10-15 20:55:15.282757
user_00583,2025-04-28 20:55:15.282757,regular_user,False,2025-05-07 20:55:15.282757
user_00584,2024-11-06 20:55:15.282757,regular_user,False,2025-02-02 20:55:15.282757
user_00585,2025-03-17 20:55:15.282757,regular_user,True,2025-05-11 20:55:15.282757
user_00586,2025-06-23 20:55:15.282757,power_user,False,2025-08-18 20:55:15.282757
user_00587,2025-09-17 20:55:15.283757,regular_user,False,2025-09-23 20:55:15.283757
user_00588,2025-07-30 20:55:15.283757,casual_user,True,2025-10-12 20:55:15.283757
user_00589,2025-05-13 20:55:15.283757,power_user,False,2025-06-02 20:55:15.283757
user_00590,2025-05-07 20:55:15.283757,regular_user,True,2025-07-02 20:55:15.283757
user_00591,2025-04-26 20:55:15.283757,churn_risk_user,True,2025-04-28 20:55:15.283757
user_00592,2025-07-13 20:55:15.283757,regular_user,False,2025-07-31 20:55:15.283757
user_00593,2024-10-28 20:55:15.283757,churn_risk_user,False,2024-12-27 20:55:15.283757
user_00594,2025-04-30 20:55:15.283757,regular_user,True,2025-07-09 20:55:15.283757
user_00595,2025-07-14 20:55:15.283757,regular_user,False,2025-09-12 20:55:15.283757
user_00596,2025-08-08 20:55:15.283757,casual_user,False,2025-09-17 20:55:15.283757
user_00597,2025-07-14 20:55:15.283757,regular_user,False,2025-09-21 20:55:15.283757
user_00598,2025-07-02 20:55:15.284757,regular_user,True,2025-07-03 20:55:15.284757
user_00599,2025-09-16 20:55:15.284757,casual_user,False,2025-10-01 20:55:15.284757
user_00600,2025-06-05 20:55:15.284757,casual_user,True,2025-07-14 20:55:15.284757
user_00601,2024-12-18 20:55:15.284757,casual_user,False,2025-02-19 20:55:15.284757
user_00602,2025-02-07 20:55:15.284757,casual_user,True,2025-02-13 20:55:15.284757
user_00603,2025-01-04 20:55:15.284757,regular_user,False,2025-03-30 20:55:15.284757
user_00604,2025-05-18 20:55:15.284757,regular_user,False,2025-08-11 20:55:15.284757
user_00605,2025-06-14 20:55:15.284757,casual_user,True,2025-07-23 20:55:15.284757
user_00606,2025-08-11 20:55:15.284757,casual_user,False,2025-10-15 20:55:15.284757
user_00607,2025-02-02 20:55:15.284757,regular_user,False,2025-03-15 20:55:15.284757
user_00608,2025-02-23 20:55:15.284757,power_user,False,2025-05-22 20:55:15.284757
user_00609,2025-04-13 20:55:15.284757,power_user,False,2025-04-23 20:55:15.284757
user_00610,2025-01-13 20:55:15.285756,regular_user,True,2025-02-22 20:55:15.285756
user_00611,2025-04-27 20:55:15.285756,regular_user,False,2025-05-05 20:55:15.285756
user_00612,2025-08-22 20:55:15.285756,regular_user,False,2025-11-11 20:55:15.285756
user_00613,2025-08-27 20:55:15.285756,regular_user,False,2025-08-28 20:55:15.285756
user_00614,2025-01-18 20:55:15.285756,casual_user,False,2025-02-13 20:55:15.285756
user_00615,2025-06-16 20:55:15.285756,regular_user,False,2025-06-16 20:55:15.285756
user_00616,2025-09-30 20:55:15.285756,casual_user,False,2025-10-03 20:55:15.285756
user_00617,2025-02-04 20:55:15.285756,casual_user,True,2025-02-14 20:55:15.285756
user_00618,2024-12-10 20:55:15.285756,regular_user,False,2024-12-30 20:55:15.285756
user_00619,2025-05-03 20:55:15.285756,casual_user,True,2025-06-30 20:55:15.285756
user_00620,2025-02-03 20:55:15.286757,power_user,False,2025-02-05 20:55:15.286757
user_00621,2024-10-20 20:55:15.286757,power_user,False,2024-11-14 20:55:15.286757
user_00622,2025-05-28 20:55:15.286757,churn_risk_user,False,2025-06-05 20:55:15.286757
user_00623,2025-05-27 20:55:15.286757,casual_user,False,2025-06-06 20:55:15.286757
user_00624,2024-10-09 20:55:15.286757,regular_user,False,2025-01-02 20:55:15.286757
user_00625,2025-05-30 20:55:15.286757,casual_user,False,2025-06-19 20:55:15.286757
user_00626,2025-05-05 20:55:15.286757,casual_user,True,2025-07-28 20:55:15.286757
user_00627,2025-04-28 20:55:15.286757,power_user,False,2025-06-13 20:55:15.286757
user_00628,2024-11-04 20:55:15.286757,casual_user,False,2024-12-21 20:55:15.286757
user_00629,2025-05-11 20:55:15.286757,casual_user,False,2025-05-25 20:55:15.286757
user_00630,2024-10-26 20:55:15.286757,casual_user,True,2024-11-10 20:55:15.286757
user_00631,2025-08-03 20:55:15.287755,regular_user,True,2025-09-18 20:55:15.287755
user_00632,2025-03-21 20:55:15.287755,casual_user,False,2025-06-15 20:55:15.287755
user_00633,2025-06-02 20:55:15.287755,casual_user,False,2025-06-26 20:55:15.287755
user_00634,2024-12-09 20:55:15.287755,regular_user,True,2025-02-03 20:55:15.287755
user_00635,2025-06-13 20:55:15.287755,regular_user,False,2025-08-27 20:55:15.287755
user_00636,2025-08-30 20:55:15.287755,casual_user,True,2025-11-16 20:55:15.287755
user_00637,2025-03-12 20:55:15.287755,casual_user,False,2025-04-03 20:55:15.287755
user_00638,2025-07-09 20:55:15.287755,regular_user,False,2025-07-22 20:55:15.287755
user_00639,2025-06-30 20:55:15.287755,regular_user,True,2025-07-18 20:55:15.287755
user_00640,2025-09-08 20:55:15.287755,casual_user,False,2025-10-02 20:55:15.287755
user_00641,2024-10-29 20:55:15.287755,power_user,False,2024-11-19 20:55:15.287755
user_00642,2025-07-17 20:55:15.288757,churn_risk_user,False,2025-08-04 20:55:15.288757
user_00643,2025-03-21 20:55:15.288757,casual_user,False,2025-06-06 20:55:15.288757
user_00644,2025-08-06 20:55:15.288757,regular_user,False,2025-08-24 20:55:15.288757
user_00645,2025-06-10 20:55:15.288757,casual_user,False,2025-07-19 20:55:15.288757
user_00646,2024-12-26 20:55:15.288757,power_user,False,2025-02-15 20:55:15.288757
user_00647,2025-07-11 20:55:15.288757,casual_user,True,2025-09-07 20:55:15.288757
user_00648,2024-11-08 20:55:15.288757,casual_user,True,2025-01-14 20:55:15.288757
user_00649,2025-01-17 20:55:15.288757,casual_user,False,2025-04-12 20:55:15.288757
user_00650,2025-06-10 20:55:15.288757,regular_user,True,2025-08-10 20:55:15.288757
user_00651,2025-05-03 20:55:15.288757,regular_user,True,2025-06-21 20:55:15.288757
user_00652,2025-01-26 20:55:15.288757,casual_user,True,2025-04-02 20:55:15.288757
user_00653,2025-04-19 20:55:15.289757,power_user,True,2025-06-18 20:55:15.289757
user_00654,2024-11-18 20:55:15.289757,casual_user,True,2025-01-21 20:55:15.289757
user_00655,2025-09-30 20:55:15.289757,regular_user,False,2025-12-14 20:55:15.289757
user_00656,2025-07-24 20:55:15.289757,regular_user,True,2025-08-11 20:55:15.289757
user_00657,2025-09-12 20:55:15.289757,regular_user,True,2025-10-02 20:55:15.289757
user_00658,2024-12-05 20:55:15.289757,regular_user,False,2025-01-24 20:55:15.289757
user_00659,2025-05-29 20:55:15.289757,casual_user,True,2025-06-01 20:55:15.289757
user_00660,2025-07-24 20:55:15.289757,regular_user,False,2025-09-27 20:55:15.289757
user_00661,2025-04-29 20:55:15.289757,regular_user,False,2025-07-09 20:55:15.289757
user_00662,2025-07-13 20:55:15.289757,regular_user,False,2025-10-02 20:55:15.289757
user_00663,2025-08-08 20:55:15.289757,regular_user,True,2025-08-15 20:55:15.289757
user_00664,2024-10-11 20:55:15.290756,churn_risk_user,False,2024-11-19 20:55:15.290756
user_00665,2025-05-19 20:55:15.290756,casual_user,True,2025-07-13 20:55:15.290756
user_00666,2025-04-14 20:55:15.290756,regular_user,True,2025-05-29 20:55:15.290756
user_00667,2025-04-01 20:55:15.290756,casual_user,False,2025-06-29 20:55:15.290756
user_00668,2024-12-17 20:55:15.290756,casual_user,False,2025-02-16 20:55:15.290756
user_00669,2025-06-24 20:55:15.290756,regular_user,False,2025-07-02 20:55:15.290756
user_00670,2024-10-29 20:55:15.290756,power_user,False,2025-01-24 20:55:15.290756
user_00671,2025-01-04 20:55:15.290756,regular_user,False,2025-02-13 20:55:15.290756
user_00672,2025-08-30 20:55:15.291760,regular_user,False,2025-09-17 20:55:15.291760
user_00673,2024-11-09 20:55:15.291760,churn_risk_user,True,2024-12-18 20:55:15.291760
user_00674,2025-06-22 20:55:15.291760,casual_user,False,2025-08-21 20:55:15.291760
user_00675,2025-06-21 20:55:15.291760,casual_user,False,2025-08-04 20:55:15.291760
user_00676,2025-07-10 20:55:15.291760,churn_risk_user,False,2025-07-17 20:55:15.291760
user_00677,2025-05-08 20:55:15.292763,casual_user,True,2025-06-23 20:55:15.292763
user_00678,2025-03-07 20:55:15.292763,power_user,False,2025-03-24 20:55:15.292763
user_00679,2024-11-18 20:55:15.292763,regular_user,False,2025-02-07 20:55:15.292763
user_00680,2025-05-14 20:55:15.292763,regular_user,False,2025-07-28 20:55:15.292763
user_00681,2025-02-07 20:55:15.292763,regular_user,False,2025-04-10 20:55:15.292763
user_00682,2024-12-27 20:55:15.293770,casual_user,False,2025-03-11 20:55:15.293770
user_00683,2025-01-15 20:55:15.293770,regular_user,True,2025-03-28 20:55:15.293770
user_00684,2025-08-30 20:55:15.293770,casual_user,False,2025-09-25 20:55:15.293770
user_00685,2025-06-13 20:55:15.293770,churn_risk_user,True,2025-06-28 20:55:15.293770
user_00686,2024-10-23 20:55:15.293770,power_user,True,2024-11-03 20:55:15.293770
user_00687,2025-02-15 20:55:15.293770,regular_user,False,2025-05-15 20:55:15.293770
user_00688,2024-10-16 20:55:15.293770,power_user,False,2024-11-09 20:55:15.293770
user_00689,2025-01-02 20:55:15.294762,casual_user,True,2025-01-22 20:55:15.294762
user_00690,2025-06-23 20:55:15.294762,regular_user,False,2025-09-03 20:55:15.294762
user_00691,2025-06-08 20:55:15.294762,regular_user,True,2025-07-09 20:55:15.294762
user_00692,2025-03-27 20:55:15.294762,casual_user,False,2025-05-28 20:55:15.294762
user_00693,2025-09-15 20:55:15.294762,regular_user,False,2025-11-10 20:55:15.294762
user_00694,2025-06-12 20:55:15.294762,casual_user,False,2025-07-20 20:55:15.294762
user_00695,2024-12-22 20:55:15.294762,regular_user,False,2025-02-27 20:55:15.294762
user_00696,2025-08-13 20:55:15.295760,casual_user,False,2025-08-31 20:55:15.295760
user_00697,2025-05-04 20:55:15.295760,regular_user,False,2025-06-07 20:55:15.295760
user_00698,2025-06-04 20:55:15.295760,regular_user,True,2025-08-06 20:55:15.295760
user_00699,2024-11-17 20:55:15.295760,regular_user,False,2025-01-11 20:55:15.295760
user_00700,2025-03-18 20:55:15.295760,regular_user,True,2025-05-06 20:55:15.295760
user_00701,2024-11-17 20:55:15.295760,regular_user,False,2025-01-22 20:55:15.295760
user_00702,2025-07-25 20:55:15.295760,power_user,True,2025-09-08 20:55:15.295760
user_00703,2024-10-10 20:55:15.295760,regular_user,True,2024-11-28 20:55:15.295760
user_00704,2025-01-19 20:55:15.295760,casual_user,False,2025-02-17 20:55:15.295760
user_00705,2025-06-08 20:55:15.296758,power_user,False,2025-07-12 20:55:15.296758
user_00706,2025-07-13 20:55:15.296758,regular_user,False,2025-09-23 20:55:15.296758
user_00707,2024-12-27 20:55:15.296758,regular_user,False,2025-01-12 20:55:15.296758
user_00708,2025-06-21 20:55:15.296758,churn_risk_user,False,2025-08-28 20:55:15.296758
user_00709,2025-04-26 20:55:15.296758,regular_user,False,2025-07-20 20:55:15.296758
user_00710,2024-12-03 20:55:15.296758,casual_user,False,2025-01-13 20:55:15.296758
user_00711,2024-10-19 20:55:15.296758,regular_user,True,2025-01-11 20:55:15.296758
user_00712,2025-09-17 20:55:15.297758,churn_risk_user,False,2025-09-17 20:55:15.297758
user_00713,2025-07-08 20:55:15.297758,regular_user,False,2025-07-20 20:55:15.297758
user_00714,2025-06-19 20:55:15.297758,casual_user,True,2025-07-05 20:55:15.297758
user_00715,2025-07-01 20:55:15.297758,casual_user,False,2025-07-24 20:55:15.297758
user_00716,2025-01-31 20:55:15.297758,regular_user,False,2025-02-07 20:55:15.297758
user_00717,2024-12-28 20:55:15.297758,casual_user,False,2025-01-15 20:55:15.297758
user_00718,2025-08-05 20:55:15.297758,regular_user,False,2025-09-27 20:55:15.297758
user_00719,2025-04-18 20:55:15.297758,regular_user,True,2025-04-28 20:55:15.297758
user_00720,2025-10-03 20:55:15.297758,casual_user,True,2025-11-17 20:55:15.297758
user_00721,2025-09-26 20:55:15.297758,churn_risk_user,False,2025-10-21 20:55:15.297758
user_00722,2024-12-08 20:55:15.297758,power_user,False,2025-02-15 20:55:15.297758
user_00723,2025-04-08 20:55:15.298758,regular_user,True,2025-05-10 20:55:15.298758
user_00724,2025-03-06 20:55:15.298758,regular_user,False,2025-05-08 20:55:15.298758
user_00725,2025-02-01 20:55:15.298758,regular_user,False,2025-03-25 20:55:15.298758
user_00726,2025-03-03 20:55:15.298758,regular_user,False,2025-03-06 20:55:15.298758
user_00727,2025-04-28 20:55:15.298758,regular_user,True,2025-06-11 20:55:15.298758
user_00728,2024-11-05 20:55:15.298758,casual_user,True,2025-01-15 20:55:15.298758
user_00729,2025-05-14 20:55:15.298758,regular_user,True,2025-07-21 20:55:15.298758
user_00730,2025-09-25 20:55:15.298758,churn_risk_user,True,2025-12-13 20:55:15.298758
user_00731,2025-06-16 20:55:15.298758,regular_user,False,2025-07-28 20:55:15.298758
user_00732,2024-11-19 20:55:15.298758,casual_user,True,2024-12-09 20:55:15.298758
user_00733,2025-03-18 20:55:15.298758,casual_user,True,2025-05-12 20:55:15.298758
user_00734,2024-12-26 20:55:15.298758,churn_risk_user,True,2025-01-13 20:55:15.298758
user_00735,2025-01-17 20:55:15.299757,churn_risk_user,True,2025-02-15 20:55:15.299757
user_00736,2025-05-26 20:55:15.299757,power_user,False,2025-07-01 20:55:15.299757
user_00737,2025-10-07 20:55:15.299757,power_user,True,2025-10-14 20:55:15.299757
user_00738,2025-04-03 20:55:15.299757,casual_user,False,2025-05-08 20:55:15.299757
user_00739,2025-09-03 20:55:15.299757,casual_user,True,2025-09-11 20:55:15.299757
user_00740,2024-12-22 20:55:15.299757,power_user,False,2025-01-20 20:55:15.299757
user_00741,2024-10-15 20:55:15.299757,regular_user,False,2024-10-28 20:55:15.299757
user_00742,2025-04-03 20:55:15.299757,regular_user,False,2025-05-17 20:55:15.299757
user_00743,2025-08-08 20:55:15.299757,power_user,False,2025-10-12 20:55:15.299757
user_00744,2025-05-16 20:55:15.299757,regular_user,False,2025-05-31 20:55:15.299757
user_00745,2024-10-15 20:55:15.299757,power_user,True,2024-10-27 20:55:15.299757
user_00746,2025-04-07 20:55:15.300762,regular_user,True,2025-05-15 20:55:15.300762
user_00747,2025-03-07 20:55:15.300762,churn_risk_user,False,2025-04-02 20:55:15.300762
user_00748,2025-06-12 20:55:15.300762,regular_user,False,2025-08-15 20:55:15.300762
user_00749,2025-02-17 20:55:15.300762,regular_user,True,2025-03-07 20:55:15.300762
user_00750,2025-08-16 20:55:15.300762,regular_user,False,2025-09-15 20:55:15.300762
user_00751,2024-11-05 20:55:15.300762,casual_user,False,2025-01-17 20:55:15.300762
user_00752,2025-09-28 20:55:15.300762,casual_user,False,2025-10-17 20:55:15.300762
user_00753,2025-05-01 20:55:15.300762,regular_user,False,2025-06-22 20:55:15.300762
user_00754,2024-11-07 20:55:15.300762,regular_user,False,2025-01-22 20:55:15.300762
user_00755,2025-08-10 20:55:15.300762,casual_user,True,2025-09-09 20:55:15.300762
user_00756,2024-12-22 20:55:15.300762,power_user,False,2025-03-06 20:55:15.300762
user_00757,2024-10-12 20:55:15.301756,casual_user,False,2024-11-06 20:55:15.301756
user_00758,2025-01-07 20:55:15.301756,regular_user,False,2025-04-03 20:55:15.301756
user_00759,2025-07-12 20:55:15.301756,casual_user,True,2025-09-18 20:55:15.301756
user_00760,2024-11-22 20:55:15.301756,regular_user,True,2025-01-25 20:55:15.301756
user_00761,2025-06-23 20:55:15.301756,regular_user,False,2025-08-05 20:55:15.301756
user_00762,2025-06-30 20:55:15.301756,churn_risk_user,False,2025-09-20 20:55:15.301756
user_00763,2025-04-14 20:55:15.301756,regular_user,False,2025-06-03 20:55:15.301756
user_00764,2025-04-05 20:55:15.301756,power_user,False,2025-06-03 20:55:15.301756
user_00765,2025-03-05 20:55:15.301756,casual_user,True,2025-03-27 20:55:15.301756
user_00766,2025-03-09 20:55:15.301756,casual_user,False,2025-04-10 20:55:15.301756
user_00767,2025-09-14 20:55:15.301756,casual_user,False,2025-10-30 20:55:15.301756
user_00768,2024-12-31 20:55:15.301756,regular_user,True,2025-03-23 20:55:15.301756
user_00769,2025-03-11 20:55:15.302757,casual_user,True,2025-04-27 20:55:15.302757
user_00770,2024-10-14 20:55:15.302757,regular_user,False,2024-11-29 20:55:15.302757
user_00771,2025-05-15 20:55:15.302757,casual_user,False,2025-07-24 20:55:15.302757
user_00772,2025-09-25 20:55:15.302757,regular_user,False,2025-10-25 20:55:15.302757
user_00773,2025-09-22 20:55:15.302757,regular_user,False,2025-11-14 20:55:15.302757
user_00774,2025-06-30 20:55:15.302757,casual_user,False,2025-08-02 20:55:15.302757
user_00775,2025-03-06 20:55:15.302757,churn_risk_user,True,2025-03-08 20:55:15.302757
user_00776,2025-09-10 20:55:15.302757,churn_risk_user,True,2025-10-07 20:55:15.302757
user_00777,2024-12-02 20:55:15.302757,regular_user,False,2024-12-14 20:55:15.302757
user_00778,2024-11-29 20:55:15.302757,casual_user,False,2025-01-20 20:55:15.302757
user_00779,2025-08-25 20:55:15.302757,power_user,False,2025-09-06 20:55:15.302757
user_00780,2025-04-26 20:55:15.303757,churn_risk_user,False,2025-07-15 20:55:15.303757
user_00781,2024-10-17 20:55:15.303757,churn_risk_user,True,2024-10-19 20:55:15.303757
user_00782,2025-06-19 20:55:15.303757,regular_user,False,2025-07-12 20:55:15.303757
user_00783,2025-09-09 20:55:15.303757,regular_user,False,2025-11-07 20:55:15.303757
user_00784,2024-10-27 20:55:15.303757,casual_user,False,2024-11-23 20:55:15.303757
user_00785,2025-01-09 20:55:15.303757,casual_user,False,2025-03-07 20:55:15.303757
user_00786,2024-12-29 20:55:15.303757,regular_user,True,2025-02-13 20:55:15.303757
user_00787,2025-02-28 20:55:15.303757,regular_user,True,2025-03-06 20:55:15.303757
user_00788,2025-02-26 20:55:15.303757,regular_user,False,2025-04-24 20:55:15.303757
user_00789,2025-10-01 20:55:15.303757,regular_user,False,2025-10-16 20:55:15.303757
user_00790,2025-03-14 20:55:15.303757,regular_user,False,2025-03-20 20:55:15.303757
user_00791,2025-02-22 20:55:15.303757,casual_user,True,2025-05-07 20:55:15.303757
user_00792,2025-01-17 20:55:15.304757,casual_user,False,2025-03-29 20:55:15.304757
user_00793,2025-08-24 20:55:15.304757,regular_user,False,2025-10-29 20:55:15.304757
user_00794,2025-05-04 20:55:15.304757,regular_user,False,2025-07-21 20:55:15.304757
user_00795,2025-06-06 20:55:15.304757,regular_user,True,2025-09-03 20:55:15.304757
user_00796,2025-06-26 20:55:15.304757,churn_risk_user,False,2025-09-17 20:55:15.304757
user_00797,2024-11-11 20:55:15.304757,churn_risk_user,True,2024-11-27 20:55:15.304757
user_00798,2025-08-10 20:55:15.304757,casual_user,False,2025-10-05 20:55:15.304757
user_00799,2025-09-12 20:55:15.304757,casual_user,False,2025-12-03 20:55:15.304757
user_00800,2025-01-14 20:55:15.304757,churn_risk_user,False,2025-03-22 20:55:15.304757
user_00801,2024-10-22 20:55:15.304757,casual_user,True,2024-12-09 20:55:15.304757
user_00802,2025-04-16 20:55:15.304757,churn_risk_user,True,2025-06-14 20:55:15.304757
user_00803,2025-08-12 20:55:15.305757,casual_user,False,2025-09-06 20:55:15.305757
user_00804,2025-02-09 20:55:15.305757,churn_risk_user,False,2025-04-24 20:55:15.305757
user_00805,2025-02-02 20:55:15.305757,power_user,False,2025-02-28 20:55:15.305757
user_00806,2025-02-24 20:55:15.305757,regular_user,False,2025-03-16 20:55:15.305757
user_00807,2025-08-23 20:55:15.305757,power_user,True,2025-11-16 20:55:15.305757
user_00808,2025-03-12 20:55:15.305757,regular_user,True,2025-03-14 20:55:15.305757
user_00809,2025-10-02 20:55:15.305757,regular_user,True,2025-11-03 20:55:15.305757
user_00810,2025-03-13 20:55:15.305757,churn_risk_user,False,2025-03-23 20:55:15.305757
user_00811,2024-10-22 20:55:15.305757,regular_user,False,2024-11-06 20:55:15.305757
user_00812,2025-08-01 20:55:15.305757,churn_risk_user,False,2025-10-03 20:55:15.305757
user_00813,2025-04-04 20:55:15.305757,churn_risk_user,False,2025-04-14 20:55:15.305757
user_00814,2024-10-16 20:55:15.305757,regular_user,False,2024-12-09 20:55:15.305757
user_00815,2024-10-15 20:55:15.306757,casual_user,False,2024-10-18 20:55:15.306757
user_00816,2025-06-22 20:55:15.306757,casual_user,False,2025-07-08 20:55:15.306757
user_00817,2025-06-23 20:55:15.306757,regular_user,False,2025-07-26 20:55:15.306757
user_00818,2025-02-03 20:55:15.306757,regular_user,False,2025-04-08 20:55:15.306757
user_00819,2025-08-30 20:55:15.306757,casual_user,False,2025-11-23 20:55:15.306757
user_00820,2025-07-07 20:55:15.306757,regular_user,True,2025-09-18 20:55:15.306757
user_00821,2025-09-02 20:55:15.306757,regular_user,False,2025-10-13 20:55:15.306757
user_00822,2025-01-26 20:55:15.306757,casual_user,True,2025-04-01 20:55:15.306757
user_00823,2025-08-14 20:55:15.306757,casual_user,True,2025-09-09 20:55:15.306757
user_00824,2024-10-24 20:55:15.306757,regular_user,False,2024-11-02 20:55:15.306757
user_00825,2025-02-22 20:55:15.306757,regular_user,False,2025-03-20 20:55:15.306757
user_00826,2025-09-04 20:55:15.307757,churn_risk_user,True,2025-11-13 20:55:15.307757
user_00827,2025-02-09 20:55:15.307757,casual_user,True,2025-03-15 20:55:15.307757
user_00828,2025-07-01 20:55:15.307757,churn_risk_user,False,2025-09-16 20:55:15.307757
user_00829,2025-09-21 20:55:15.307757,casual_user,True,2025-12-13 20:55:15.307757
user_00830,2025-04-10 20:55:15.307757,regular_user,False,2025-04-10 20:55:15.307757
user_00831,2025-08-11 20:55:15.307757,casual_user,False,2025-11-05 20:55:15.307757
user_00832,2025-01-15 20:55:15.308760,casual_user,False,2025-01-19 20:55:15.308760
user_00833,2025-03-29 20:55:15.308760,regular_user,False,2025-05-08 20:55:15.308760
user_00834,2025-03-01 20:55:15.308760,regular_user,False,2025-04-25 20:55:15.308760
user_00835,2025-05-12 20:55:15.308760,regular_user,False,2025-05-30 20:55:15.308760
user_00836,2025-06-21 20:55:15.308760,regular_user,False,2025-08-30 20:55:15.308760
user_00837,2025-05-07 20:55:15.309756,casual_user,False,2025-05-10 20:55:15.309756
user_00838,2025-01-02 20:55:15.309756,regular_user,False,2025-01-09 20:55:15.309756
user_00839,2025-08-28 20:55:15.309756,regular_user,False,2025-10-12 20:55:15.309756
user_00840,2024-11-18 20:55:15.309756,regular_user,False,2024-11-18 20:55:15.309756
user_00841,2025-03-27 20:55:15.309756,power_user,False,2025-05-28 20:55:15.309756
user_00842,2025-04-02 20:55:15.310826,casual_user,False,2025-04-25 20:55:15.310826
user_00843,2025-10-04 20:55:15.310826,regular_user,False,2025-12-29 20:55:15.310826
user_00844,2025-04-10 20:55:15.310826,regular_user,False,2025-06-17 20:55:15.310826
user_00845,2024-10-22 20:55:15.310826,power_user,False,2024-12-17 20:55:15.310826
user_00846,2025-02-01 20:55:15.310826,power_user,False,2025-03-29 20:55:15.310826
user_00847,2025-05-23 20:55:15.310826,regular_user,True,2025-08-15 20:55:15.310826
user_00848,2024-11-25 20:55:15.310826,regular_user,False,2025-02-18 20:55:15.310826
user_00849,2024-12-09 20:55:15.310826,regular_user,False,2025-01-13 20:55:15.310826
user_00850,2025-02-11 20:55:15.310826,regular_user,False,2025-04-09 20:55:15.310826
user_00851,2024-12-06 20:55:15.312126,casual_user,False,2025-01-01 20:55:15.312126
user_00852,2025-03-16 20:55:15.312126,power_user,False,2025-05-01 20:55:15.312126
user_00853,2025-02-22 20:55:15.312126,churn_risk_user,False,2025-05-17 20:55:15.312126
user_00854,2024-12-02 20:55:15.312126,regular_user,False,2025-01-29 20:55:15.312126
user_00855,2024-12-25 20:55:15.312126,casual_user,True,2025-01-27 20:55:15.312126
user_00856,2025-01-26 20:55:15.312126,regular_user,True,2025-02-04 20:55:15.312126
user_00857,2025-03-08 20:55:15.312126,regular_user,False,2025-04-28 20:55:15.312126
user_00858,2025-06-19 20:55:15.312126,casual_user,False,2025-08-22 20:55:15.312126
user_00859,2025-03-31 20:55:15.312126,regular_user,False,2025-06-26 20:55:15.312126
user_00860,2025-03-28 20:55:15.312126,casual_user,False,2025-06-05 20:55:15.312126
user_00861,2025-10-07 20:55:15.312126,power_user,True,2025-12-02 20:55:15.312126
user_00862,2025-07-19 20:55:15.312126,power_user,True,2025-09-29 20:55:15.312126
user_00863,2025-05-20 20:55:15.312126,regular_user,False,2025-05-22 20:55:15.312126
user_00864,2024-11-05 20:55:15.313554,casual_user,False,2024-12-21 20:55:15.313554
user_00865,2025-06-21 20:55:15.313554,churn_risk_user,False,2025-08-26 20:55:15.313554
user_00866,2025-01-10 20:55:15.313554,regular_user,False,2025-03-18 20:55:15.313554
user_00867,2024-11-03 20:55:15.313554,casual_user,True,2025-01-19 20:55:15.313554
user_00868,2024-11-28 20:55:15.313554,casual_user,False,2024-12-01 20:55:15.313554
user_00869,2025-03-06 20:55:15.313554,casual_user,False,2025-04-23 20:55:15.313554
user_00870,2025-04-23 20:55:15.313554,power_user,False,2025-05-19 20:55:15.313554
user_00871,2024-11-06 20:55:15.313554,casual_user,True,2025-01-08 20:55:15.313554
user_00872,2025-05-14 20:55:15.313554,regular_user,True,2025-07-26 20:55:15.313554
user_00873,2025-07-11 20:55:15.313554,regular_user,False,2025-08-02 20:55:15.313554
user_00874,2025-10-06 20:55:15.313554,casual_user,False,2025-12-16 20:55:15.313554
user_00875,2025-10-01 20:55:15.313554,regular_user,False,2025-10-16 20:55:15.313554
user_00876,2025-07-17 20:55:15.314548,casual_user,True,2025-09-26 20:55:15.314548
user_00877,2025-06-06 20:55:15.314548,regular_user,True,2025-07-28 20:55:15.314548
user_00878,2024-11-11 20:55:15.314548,regular_user,False,2024-11-16 20:55:15.314548
user_00879,2025-07-03 20:55:15.314548,regular_user,False,2025-09-09 20:55:15.314548
user_00880,2025-06-12 20:55:15.314548,regular_user,False,2025-07-31 20:55:15.314548
user_00881,2025-09-19 20:55:15.314548,casual_user,True,2025-11-04 20:55:15.314548
user_00882,2025-04-24 20:55:15.314548,churn_risk_user,False,2025-06-16 20:55:15.314548
user_00883,2025-07-21 20:55:15.314548,power_user,False,2025-09-12 20:55:15.314548
user_00884,2025-02-02 20:55:15.314548,churn_risk_user,False,2025-04-05 20:55:15.314548
user_00885,2025-03-20 20:55:15.314548,churn_risk_user,True,2025-05-20 20:55:15.314548
user_00886,2025-05-04 20:55:15.314548,churn_risk_user,True,2025-06-30 20:55:15.314548
user_00887,2024-11-17 20:55:15.314548,churn_risk_user,False,2025-02-06 20:55:15.314548
user_00888,2025-03-03 20:55:15.314548,regular_user,True,2025-03-05 20:55:15.314548
user_00889,2025-01-15 20:55:15.314548,regular_user,False,2025-01-16 20:55:15.314548
user_00890,2025-06-06 20:55:15.314548,regular_user,False,2025-07-01 20:55:15.314548
user_00891,2024-12-17 20:55:15.315818,regular_user,False,2025-01-05 20:55:15.315818
user_00892,2025-08-28 20:55:15.315818,power_user,False,2025-11-19 20:55:15.315818
user_00893,2024-11-20 20:55:15.315818,regular_user,True,2025-01-25 20:55:15.315818
user_00894,2025-05-27 20:55:15.315818,regular_user,False,2025-07-13 20:55:15.315818
user_00895,2024-11-16 20:55:15.315818,regular_user,True,2024-11-17 20:55:15.315818
user_00896,2025-08-04 20:55:15.315818,power_user,False,2025-09-25 20:55:15.315818
user_00897,2025-07-21 20:55:15.315818,regular_user,False,2025-08-10 20:55:15.315818
user_00898,2025-02-02 20:55:15.315818,regular_user,False,2025-02-26 20:55:15.315818
user_00899,2024-12-28 20:55:15.315818,casual_user,False,2025-01-03 20:55:15.315818
user_00900,2024-12-07 20:55:15.315818,regular_user,False,2024-12-16 20:55:15.315818
user_00901,2025-07-27 20:55:15.315818,casual_user,True,2025-08-27 20:55:15.315818
user_00902,2025-01-19 20:55:15.316822,churn_risk_user,True,2025-02-14 20:55:15.316822
user_00903,2025-08-15 20:55:15.316822,regular_user,False,2025-11-07 20:55:15.316822
user_00904,2025-06-03 20:55:15.316822,casual_user,False,2025-06-06 20:55:15.316822
user_00905,2025-07-07 20:55:15.316822,regular_user,False,2025-07-25 20:55:15.316822
user_00906,2025-02-02 20:55:15.316822,regular_user,False,2025-03-14 20:55:15.316822
user_00907,2025-04-21 20:55:15.316822,casual_user,True,2025-05-29 20:55:15.316822
user_00908,2025-02-05 20:55:15.316822,casual_user,False,2025-03-23 20:55:15.316822
user_00909,2025-08-06 20:55:15.316822,regular_user,True,2025-09-17 20:55:15.316822
user_00910,2024-12-22 20:55:15.316822,power_user,False,2025-02-26 20:55:15.316822
user_00911,2024-11-24 20:55:15.316822,casual_user,False,2025-02-13 20:55:15.316822
user_00912,2025-07-06 20:55:15.316822,churn_risk_user,False,2025-08-12 20:55:15.316822
user_00913,2025-06-03 20:55:15.316822,casual_user,False,2025-08-18 20:55:15.316822
user_00914,2025-04-17 20:55:15.316822,regular_user,False,2025-04-24 20:55:15.316822
user_00915,2025-04-12 20:55:15.316822,casual_user,False,2025-04-17 20:55:15.316822
user_00916,2025-06-23 20:55:15.316822,regular_user,True,2025-07-20 20:55:15.316822
user_00917,2024-10-20 20:55:15.316822,casual_user,False,2024-12-14 20:55:15.316822
user_00918,2025-04-04 20:55:15.316822,regular_user,False,2025-06-02 20:55:15.316822
user_00919,2025-02-20 20:55:15.318323,regular_user,False,2025-03-28 20:55:15.318323
user_00920,2024-11-07 20:55:15.318323,power_user,False,2024-11-28 20:55:15.318323
user_00921,2025-05-22 20:55:15.318323,regular_user,True,2025-08-15 20:55:15.318323
user_00922,2025-01-25 20:55:15.318323,regular_user,False,2025-04-22 20:55:15.318323
user_00923,2024-11-18 20:55:15.318323,regular_user,True,2024-11-20 20:55:15.318323
user_00924,2025-02-08 20:55:15.318323,regular_user,False,2025-05-03 20:55:15.318323
user_00925,2025-05-28 20:55:15.318323,casual_user,False,2025-08-06 20:55:15.318323
user_00926,2025-06-21 20:55:15.318323,casual_user,False,2025-08-27 20:55:15.318323
user_00927,2025-07-31 20:55:15.318323,power_user,False,2025-08-26 20:55:15.318323
user_00928,2024-11-30 20:55:15.318323,regular_user,True,2025-01-29 20:55:15.318323
user_00929,2024-11-23 20:55:15.318323,power_user,False,2025-01-16 20:55:15.318323
user_00930,2024-12-10 20:55:15.318323,churn_risk_user,False,2025-01-14 20:55:15.318323
user_00931,2025-06-20 20:55:15.319333,regular_user,False,2025-07-28 20:55:15.319333
user_00932,2024-11-06 20:55:15.319333,casual_user,True,2024-11-14 20:55:15.319333
user_00933,2025-10-02 20:55:15.319333,regular_user,False,2025-10-23 20:55:15.319333
user_00934,2025-06-12 20:55:15.319333,casual_user,False,2025-08-26 20:55:15.319333
user_00935,2024-11-29 20:55:15.319333,power_user,True,2025-01-04 20:55:15.319333
user_00936,2025-07-13 20:55:15.319333,regular_user,False,2025-08-04 20:55:15.319333
user_00937,2025-08-24 20:55:15.319333,regular_user,True,2025-10-28 20:55:15.319333
user_00938,2025-05-27 20:55:15.319333,casual_user,True,2025-06-28 20:55:15.319333
user_00939,2025-03-13 20:55:15.319333,regular_user,False,2025-05-29 20:55:15.319333
user_00940,2025-06-08 20:55:15.319333,regular_user,True,2025-07-13 20:55:15.319333
user_00941,2025-04-29 20:55:15.320320,regular_user,False,2025-07-15 20:55:15.320320
user_00942,2025-04-24 20:55:15.320320,power_user,False,2025-05-12 20:55:15.320320
user_00943,2025-06-12 20:55:15.320320,regular_user,False,2025-08-22 20:55:15.320320
user_00944,2024-10-10 20:55:15.320320,regular_user,False,2024-12-10 20:55:15.320320
user_00945,2025-09-19 20:55:15.320320,casual_user,False,2025-11-22 20:55:15.320320
user_00946,2024-10-19 20:55:15.320320,regular_user,False,2024-11-21 20:55:15.320320
user_00947,2025-07-07 20:55:15.320320,regular_user,True,2025-08-24 20:55:15.320320
user_00948,2025-02-05 20:55:15.320320,power_user,False,2025-05-03 20:55:15.320320
user_00949,2024-12-30 20:55:15.320320,regular_user,True,2025-01-24 20:55:15.320320
user_00950,2024-12-07 20:55:15.320320,casual_user,False,2025-01-28 20:55:15.320320
user_00951,2025-03-29 20:55:15.320320,power_user,False,2025-04-22 20:55:15.320320
user_00952,2025-01-30 20:55:15.321369,regular_user,False,2025-03-02 20:55:15.321369
user_00953,2024-12-30 20:55:15.321369,regular_user,True,2025-01-26 20:55:15.321369
user_00954,2025-07-27 20:55:15.321369,regular_user,False,2025-10-20 20:55:15.321369
user_00955,2024-11-06 20:55:15.321369,regular_user,True,2025-01-15 20:55:15.321369
user_00956,2025-03-16 20:55:15.321369,regular_user,False,2025-04-25 20:55:15.321369
user_00957,2025-01-10 20:55:15.321369,regular_user,True,2025-02-08 20:55:15.321369
user_00958,2025-08-12 20:55:15.321369,casual_user,False,2025-09-28 20:55:15.321369
user_00959,2025-03-28 20:55:15.321369,power_user,False,2025-06-11 20:55:15.321369
user_00960,2025-02-11 20:55:15.321369,regular_user,False,2025-04-08 20:55:15.321369
user_00961,2025-08-20 20:55:15.321369,power_user,False,2025-10-03 20:55:15.321369
user_00962,2024-11-07 20:55:15.321369,regular_user,False,2025-01-12 20:55:15.321369
user_00963,2024-11-03 20:55:15.322367,power_user,False,2024-12-12 20:55:15.322367
user_00964,2025-08-10 20:55:15.322367,casual_user,False,2025-10-08 20:55:15.322367
user_00965,2024-11-11 20:55:15.322367,casual_user,False,2024-12-10 20:55:15.322367
user_00966,2025-02-15 20:55:15.322367,casual_user,False,2025-02-23 20:55:15.322367
user_00967,2024-10-25 20:55:15.322367,casual_user,True,2025-01-11 20:55:15.322367
user_00968,2025-08-21 20:55:15.322367,power_user,False,2025-10-17 20:55:15.322367
user_00969,2024-10-16 20:55:15.322367,regular_user,False,2024-12-12 20:55:15.322367
user_00970,2025-03-13 20:55:15.322367,power_user,True,2025-04-25 20:55:15.322367
user_00971,2025-09-09 20:55:15.322367,regular_user,False,2025-09-14 20:55:15.322367
user_00972,2025-03-07 20:55:15.322367,casual_user,False,2025-06-04 20:55:15.322367
user_00973,2024-12-20 20:55:15.322367,casual_user,False,2025-02-19 20:55:15.322367
user_00974,2024-11-10 20:55:15.322367,regular_user,False,2025-01-02 20:55:15.322367
user_00975,2025-09-22 20:55:15.323413,regular_user,False,2025-10-31 20:55:15.323413
user_00976,2025-02-13 20:55:15.323413,regular_user,False,2025-04-29 20:55:15.323413
user_00977,2025-05-23 20:55:15.323413,regular_user,True,2025-08-11 20:55:15.323413
user_00978,2025-03-04 20:55:15.323413,casual_user,False,2025-06-01 20:55:15.323413
user_00979,2025-01-02 20:55:15.323413,casual_user,False,2025-03-04 20:55:15.323413
user_00980,2024-12-18 20:55:15.323413,regular_user,False,2025-02-22 20:55:15.323413
user_00981,2025-02-28 20:55:15.323413,regular_user,False,2025-03-27 20:55:15.323413
user_00982,2025-06-20 20:55:15.323413,regular_user,False,2025-07-11 20:55:15.323413
user_00983,2025-07-26 20:55:15.323413,casual_user,False,2025-07-29 20:55:15.323413
user_00984,2025-01-02 20:55:15.323413,churn_risk_user,False,2025-03-26 20:55:15.323413
user_00985,2025-03-18 20:55:15.323413,regular_user,True,2025-04-23 20:55:15.323413
user_00986,2025-08-06 20:55:15.324416,regular_user,False,2025-09-09 20:55:15.324416
user_00987,2025-07-21 20:55:15.324416,regular_user,True,2025-09-08 20:55:15.324416
user_00988,2025-04-15 20:55:15.324416,regular_user,False,2025-06-12 20:55:15.324416
user_00989,2025-02-18 20:55:15.324416,casual_user,False,2025-05-05 20:55:15.324416
user_00990,2025-02-20 20:55:15.324416,power_user,False,2025-04-14 20:55:15.324416
user_00991,2025-01-25 20:55:15.324416,churn_risk_user,False,2025-02-05 20:55:15.324416
user_00992,2024-12-13 20:55:15.324416,churn_risk_user,False,2025-02-11 20:55:15.324416
user_00993,2024-10-26 20:55:15.324416,regular_user,True,2024-11-07 20:55:15.324416
user_00994,2024-12-21 20:55:15.324416,power_user,False,2025-02-12 20:55:15.324416
user_00995,2024-12-08 20:55:15.324416,regular_user,True,2025-01-07 20:55:15.324416
user_00996,2025-06-16 20:55:15.324416,casual_user,False,2025-08-09 20:55:15.324416
user_00997,2025-03-15 20:55:15.324416,regular_user,True,2025-03-17 20:55:15.324416
user_00998,2025-03-14 20:55:15.325694,regular_user,False,2025-06-04 20:55:15.325694
user_00999,2025-09-13 20:55:15.325694,power_user,False,2025-10-01 20:55:15.325694
user_01000,2025-04-20 20:55:15.325694,casual_user,True,2025-05-14 20:55:15.325694
